,src,trg,iso_code_src,region,iso_code_trg,kmdist,proximity,log-prox,norm-log-prox
0,Afghanistan,China,AFG,Asia,CHN,4199.0,0.00023815194093831864,0.1198666840723466,0.06665607265127181
1,Afghanistan,Iran (Islamic Republic of),AFG,Asia,IRN,1618.0,0.0006180469715698393,0.13533729801091854,0.13414836587161083
2,Afghanistan,Pakistan,AFG,Asia,PAK,371.0,0.0026954177897574125,0.16902735731768975,0.2811250385732701
4,Afghanistan,Tajikistan,AFG,Asia,TJK,444.0,0.0022522522522522522,0.16404671587218408,0.2593964301159594
5,Afghanistan,Turkmenistan,AFG,Asia,TKM,1035.0,0.000966183574879227,0.14404745418365533,0.1721474017689259
6,Afghanistan,Uzbekistan,AFG,Asia,UZB,774.0,0.0012919896640826874,0.15034040359249984,0.19960110130592681
7,Albania,Greece,ALB,Europe,GRC,475.0,0.002105263157894737,0.162250352577379,0.25155959321312926
8,Albania,Montenegro,ALB,Europe,MNE,157.0,0.006369426751592357,0.1977751949761298,0.4065407135037016
9,Albania,North Macedonia,ALB,Europe,MKD,172.0,0.005813953488372093,0.1942692710996454,0.3912457262963797
10,Algeria,Libya,DZA,Africa,LBY,1059.0,0.0009442870632672333,0.143573361738967,0.1700791201598377
11,Algeria,Mali,DZA,Africa,MLI,2888.0,0.00034626038781163435,0.12549697586779798,0.09121885382359747
12,Algeria,Mauritania,DZA,Africa,MRT,2740.0,0.000364963503649635,0.126331004523769,0.09485739763488185
13,Algeria,Morocco,DZA,Africa,MAR,958.0,0.0010438413361169101,0.1456696539155576,0.17922443054116674
14,Algeria,Niger,DZA,Africa,NER,2561.0,0.0003904724716907458,0.1274185135045895,0.09960177787116252
15,Algeria,Tunisia,DZA,Africa,TUN,643.0,0.0015552099533437014,0.15465165761780927,0.21840943185951123
16,Algeria,Western Sahara,DZA,Africa,ESH,1865.0,0.0005361930294906167,0.1327842028094614,0.12301020091963276
20,Angola,Congo,AGO,Africa,COG,510.0,0.00196078431372549,0.16040008334304492,0.24348758558653508
21,Angola,"Congo, Democratic Republic of the",AGO,Africa,COD,500.0,0.002,0.1609111924940025,0.24571735673983233
22,Angola,Namibia,AGO,Africa,NAM,1606.0,0.0006226650062266501,0.13547378491417814,0.134743805337175
23,Angola,Zambia,AGO,Africa,ZMB,1842.0,0.0005428881650380022,0.1330033570264869,0.12396628583873745
24,Anguilla,Antigua and Barbuda,AIA,Americas,ATG,177.0,0.005649717514124294,0.19319379300543385,0.38655383215599254
25,Anguilla,Saint Kitts and Nevis,AIA,Americas,WSM,107.0,0.009345794392523364,0.21400313074278354,0.47733690837177173
26,Antigua and Barbuda,Saint Kitts and Nevis,ATG,Americas,WSM,14205.0,7.039774727208729e-05,0.10458774899034126,0.0
27,Argentina,Bolivia,ARG,Americas,BOL,2213.0,0.00045187528242205153,0.12983464724049323,0.11014243302619778
28,Argentina,Brazil,ARG,Americas,BRA,2370.0,0.0004219409282700422,0.12868944210809358,0.10514634683981534
29,Argentina,Chile,ARG,Americas,CHL,1131.0,0.0008841732979664014,0.14223016230907937,0.16421926158309805
30,Argentina,Paraguay,ARG,Americas,PRY,1003.0,0.0009970089730807576,0.1447020780639251,0.17500327206933114
31,Argentina,Uruguay,ARG,Americas,URY,215.0,0.004651162790697674,0.18619761651459218,0.35603222538485785
32,Armenia,Azerbaijan,ARM,Asia,AZE,454.0,0.0022026431718061676,0.1634495117730625,0.2567910600685686
33,Armenia,Georgia,ARM,Asia,GEO,29.0,0.034482758620689655,0.2969742043733701,0.8393075484845068
34,Armenia,Iran (Islamic Republic of),ARM,Asia,IRN,825.0,0.0012121212121212121,0.14891182565018218,0.19336876936655767
35,Armenia,Turkey,ARM,Asia,TUR,1004.0,0.00099601593625498,0.14468121540895854,0.17491225639070657
36,Aruba,Venezuela (Bolivarian Republic of),ABW,Americas,VEN,407.0,0.002457002457002457,0.16642221502620114,0.2697598123375176
37,Australia,Indonesia,AUS,Oceania,IDN,5392.0,0.000185459940652819,0.1163782395546711,0.051437341112581955
38,Australia,Norfolk Island,AUS,Oceania,NFK,1900.0,0.0005263157894736842,0.13245718793173197,0.12158356173758325
39,Austria,Czechia,AUT,Europe,CZE,259.0,0.003861003861003861,0.17995878024236606,0.328814600492226
40,Austria,Germany,AUT,Europe,DEU,492.0,0.0020325203252032522,0.16132990782710885,0.24754404947161898
42,Austria,Hungary,AUT,Europe,HUN,238.0,0.004201680672268907,0.18273949876259984,0.34094579777218154
43,Austria,Italy,AUT,Europe,ITA,823.0,0.001215066828675577,0.1489656673015593,0.19360365962602896
44,Austria,Slovakia,AUT,Europe,SVK,62.0,0.016129032258064516,0.2422988705246811,0.6007802554702856
45,Austria,Slovenia,AUT,Europe,SVN,264.0,0.003787878787878788,0.17934166569700832,0.32612236888388785
46,Austria,Switzerland,AUT,Europe,CHE,713.0,0.001402524544179523,0.15221901638880597,0.2077967609093025
48,Azerbaijan,Georgia,AZE,Asia,GEO,425.0,0.002352941176470588,0.16523219868185138,0.26456823219927883
49,Azerbaijan,Iran (Islamic Republic of),AZE,Asia,IRN,571.0,0.0017513134851138354,0.1575450893225112,0.2310323530830755
50,Azerbaijan,Russian Federation,AZE,Asia,RUS,1897.0,0.0005271481286241434,0.13248491811347798,0.12170453777414433
51,Azerbaijan,Turkey,AZE,Asia,TUR,1458.0,0.0006858710562414266,0.13727173419935224,0.1425875613013595
52,Bahamas,United States of America,BHS,Americas,USA,1623.0,0.0006161429451632779,0.13528080756508837,0.13390191994843959
54,Bahrain,Qatar,BHR,Asia,QAT,60.0,0.016666666666666666,0.2442393366759723,0.609245757291164
55,Bahrain,Saudi Arabia,BHR,Asia,SAU,504.0,0.001984126984126984,0.1607051415554511,0.24481843634674028
56,Bangladesh,India,BGD,Asia,IND,1430.0,0.0006993006993006993,0.13763810787397338,0.14418590766136347
58,Bangladesh,Myanmar,BGD,Asia,MMR,978.0,0.0010224948875255625,0.1452325314931906,0.17731743481231446
59,Barbados,Grenada,BRB,Americas,GRD,259.0,0.003861003861003861,0.17995878024236606,0.328814600492226
60,Belarus,Latvia,BLR,Europe,LVA,404.0,0.0024752475247524753,0.1666273737668555,0.27065484041694216
61,Belarus,Lithuania,BLR,Europe,LTU,180.0,0.005555555555555556,0.19256851707299927,0.3838259955786556
62,Belarus,Poland,BLR,Europe,POL,454.0,0.0022026431718061676,0.1634495117730625,0.2567910600685686
63,Belarus,Russian Federation,BLR,Europe,RUS,688.0,0.0014534883720930232,0.1530505537911297,0.21142443634637
64,Belarus,Ukraine,BLR,Europe,UKR,390.0,0.002564102564102564,0.16761237088628497,0.274952001128837
65,Belgium,France,BEL,Europe,FRA,266.0,0.0037593984962406013,0.17909924977065075,0.32506480214167777
67,Belgium,Germany,BEL,Europe,DEU,676.0,0.0014792899408284023,0.15346383821506743,0.21322743612611755
71,Belgium,Luxembourg,BEL,Europe,LUX,136.0,0.007352941176470588,0.20355592307196482,0.4317597899553736
73,Belgium,Netherlands,BEL,Europe,NLD,219.0,0.0045662100456621,0.18556071437446803,0.3532536681689256
75,Belize,Guatemala,BLZ,Americas,GTM,400.0,0.0025,0.16690410034766703,0.2718620912479792
76,Belize,Mexico,BLZ,Americas,MEX,1178.0,0.0008488964346349745,0.14141124591323506,0.16064664670622722
77,Benin,Burkina Faso,BEN,Africa,BFA,807.0,0.0012391573729863693,0.14940260617315615,0.19550985459400325
78,Benin,Niger,BEN,Africa,NER,780.0,0.001282051282051282,0.15016607046644773,0.19884055343702864
79,Benin,Nigeria,BEN,Africa,NGA,74.0,0.013513513513513514,0.23233849357411737,0.5573269908227543
80,Benin,Togo,BEN,Africa,TGO,166.0,0.006024096385542169,0.1956186206621379,0.397132415518287
81,Bermuda,United States of America,BMU,Americas,USA,1326.0,0.0007541478129713424,0.13908356394576527,0.1504918723387745
82,Bhutan,China,BTN,Asia,CHN,2806.0,0.0003563791874554526,0.12595227380626867,0.09320514228557403
83,Bhutan,India,BTN,Asia,IND,1220.0,0.000819672131147541,0.14071414408225535,0.1576054615685377
86,Bolivia,Brazil,BOL,Americas,BRA,2178.0,0.0004591368227731864,0.13010394010877954,0.11131725345030587
87,Bolivia,Chile,BOL,Americas,CHL,1908.0,0.0005241090146750524,0.13238351073275065,0.12126213667086996
88,Bolivia,Paraguay,BOL,Americas,PRY,1480.0,0.0006756756756756757,0.13699010393820013,0.1413589176133409
89,Bolivia,Peru,BOL,Americas,PER,1069.0,0.0009354536950420954,0.14337988726573253,0.16923506601111157
90,Bosnia and Herzegovina,Croatia,BIH,Europe,HRV,299.0,0.0033444816053511705,0.1754249449407652,0.3090352340880627
91,Bosnia and Herzegovina,Montenegro,BIH,Europe,MNE,96.0,0.010416666666666666,0.21908933281411486,0.4995260369311957
92,Bosnia and Herzegovina,Serbia,BIH,Europe,SRB,196.0,0.00510204081632653,0.1894615908449756,0.3702716804862908
93,Botswana,Namibia,BWA,Africa,NAM,931.0,0.0010741138560687433,0.14627882873370296,0.18188202419659397
94,Botswana,South Africa,BWA,Africa,ZAF,1260.0,0.0007936507936507937,0.1400782505133701,0.15483130435806486
95,Botswana,Zambia,BWA,Africa,ZMB,1035.0,0.000966183574879227,0.14404745418365533,0.1721474017689259
96,Botswana,Zimbabwe,BWA,Africa,ZWE,932.0,0.001072961373390558,0.1462558613282867,0.18178182630742032
99,Brazil,Colombia,BRA,Americas,COL,3651.0,0.0002738975623116954,0.12191024010372484,0.07557131566810477
100,Brazil,French Guiana,BRA,Americas,GUF,2354.0,0.0004248088360237893,0.1288017231260359,0.10563618540835128
101,Brazil,Guyana,BRA,Americas,GUY,2714.0,0.00036845983787767134,0.12648335184257767,0.09552202994703149
102,Brazil,Paraguay,BRA,Americas,PRY,1509.0,0.0006626905235255136,0.13662690786782047,0.13977443390921188
103,Brazil,Peru,BRA,Americas,PER,3185.0,0.0003139717425431711,0.1239739978879779,0.08457469110385832
104,Brazil,Suriname,BRA,Americas,SUR,2467.0,0.00040535062829347385,0.12802854538329264,0.10226311054966306
105,Brazil,Uruguay,BRA,Americas,URY,2277.0,0.0004391743522178305,0.12935583013901225,0.10805353957048981
106,Brazil,Venezuela (Bolivarian Republic of),BRA,Americas,VEN,3512.0,0.0002847380410022779,0.12248986188680845,0.0780999808843726
107,Brunei,Malaysia,BRN,Asia,MYS,1451.0,0.0006891798759476223,0.13736248164331694,0.14298345723162967
108,Bulgaria,Greece,BGR,Europe,GRC,453.0,0.002207505518763797,0.1635084431645399,0.2570481548916486
109,Bulgaria,North Macedonia,BGR,Europe,MKD,151.0,0.006622516556291391,0.19931118704250333,0.4132416516396684
110,Bulgaria,Romania,BGR,Europe,ROU,317.0,0.0031545741324921135,0.1736442188571542,0.3012666162777166
111,Bulgaria,Serbia,BGR,Europe,SRB,321.0,0.003115264797507788,0.173266949911753,0.29962073807359046
112,Bulgaria,Turkey,BGR,Europe,TUR,866.0,0.0011547344110854503,0.14784402950648895,0.18871038859926256
114,Burkina Faso,Côte d'Ivoire,BFA,Africa,CIV,784.0,0.0012755102040816326,0.15005081425020655,0.1983377352313063
115,Burkina Faso,Ghana,BFA,Africa,GHA,797.0,0.0012547051442910915,0.14968144767086633,0.1967263319878662
116,Burkina Faso,Mali,BFA,Africa,MLI,706.0,0.00141643059490085,0.15244796589352247,0.20879557887259295
117,Burkina Faso,Niger,BFA,Africa,NER,413.0,0.002421307506053269,0.16601788005403986,0.26799585554765115
118,Burkina Faso,Togo,BFA,Africa,TGO,730.0,0.0013698630136986301,0.15167499549281763,0.20542340856686622
119,Burundi,"Congo, Democratic Republic of the",BDI,Africa,COD,2852.0,0.0003506311360448808,0.1256948445330822,0.0920820781293364
120,Burundi,Rwanda,BDI,Africa,RWA,234.0,0.004273504273504274,0.18330726621844892,0.34342274715268356
121,Burundi,"Tanzania, United Republic of",BDI,Africa,TZA,1158.0,0.0008635578583765112,0.14175450225902728,0.1621441411193086
123,Cabo Verde,Mauritania,CPV,Africa,MRT,879.0,0.0011376564277588168,0.14751906353327135,0.18729268799357737
124,Cabo Verde,Senegal,CPV,Africa,SEN,730.0,0.0013698630136986301,0.15167499549281763,0.20542340856686622
125,Cambodia,Lao People's Democratic Republic,KHM,Asia,LAO,710.0,0.0014084507042253522,0.15231677694108572,0.2082232523133312
126,Cambodia,Thailand,KHM,Asia,THA,521.0,0.0019193857965451055,0.1598529342326023,0.24110058605672519
127,Cambodia,Viet Nam,KHM,Asia,VNM,205.0,0.004878048780487805,0.1878636342819447,0.3633004152647761
128,Cameroon,Central African Republic,CMR,Africa,CAF,802.0,0.0012468827930174563,0.1495414623330074,0.19611563020790865
129,Cameroon,Chad,CMR,Africa,TCD,1065.0,0.0009389671361502347,0.14345699643936355,0.16957146345321353
130,Cameroon,Congo,CMR,Africa,COG,898.0,0.0011135857461024498,0.14705514567368316,0.1852687941562803
131,Cameroon,Equatorial Guinea,CMR,Africa,GNQ,205.0,0.004878048780487805,0.1878636342819447,0.3633004152647761
132,Cameroon,Gabon,CMR,Africa,GAB,405.0,0.0024691358024691358,0.16655876248550613,0.2703555159856403
133,Cameroon,Nigeria,CMR,Africa,NGA,963.0,0.0010384215991692627,0.14555927589772058,0.1787428940246124
134,Canada,Greenland,CAN,Americas,GRL,2558.0,0.00039093041438623924,0.12743754601625631,0.09968480934381366
135,Canada,United States of America,CAN,Americas,USA,731.0,0.0013679890560875513,0.15164350948021152,0.20528604729577585
137,Cayman Islands,Cuba,CYM,Americas,CUB,429.0,0.002331002331002331,0.16497683863384652,0.26345419527061287
138,Cayman Islands,Jamaica,CYM,Americas,JAM,508.0,0.001968503937007874,0.16050124029960103,0.2439288941861983
140,Central African Republic,Chad,CAF,Africa,TCD,974.0,0.001026694045174538,0.14531902772192534,0.1776947843380281
141,Central African Republic,Congo,CAF,Africa,COG,970.0,0.0010309278350515464,0.14540598363133506,0.17807413927238458
142,Central African Republic,"Congo, Democratic Republic of the",CAF,Africa,COD,1031.0,0.0009699321047526673,0.14412784634351633,0.17249812160767947
143,Central African Republic,South Sudan,CAF,Africa,SSD,1444.0,0.0006925207756232687,0.1374537888712468,0.14338179528240433
144,Central African Republic,Sudan,CAF,Africa,SDN,1961.0,0.0005099439061703213,0.13190506831041257,0.11917487779506147
148,Chad,Libya,TCD,Africa,LBY,2243.0,0.00044583147570218456,0.1296080601083177,0.10915392117880321
149,Chad,Niger,TCD,Africa,NER,1397.0,0.0007158196134574087,0.13808183204679822,0.14612170426905846
150,Chad,Nigeria,TCD,Africa,NGA,1441.0,0.0006939625260235947,0.13749309345381333,0.14355326594426798
151,Chad,Sudan,TCD,Africa,SDN,1938.0,0.0005159958720330237,0.1321106616233168,0.12007180174480063
155,Chile,Peru,CHL,Americas,PER,2425.0,0.0004123711340206186,0.1283106258042048,0.10349371811026238
158,China,Hong Kong,CHN,Asia,HKG,1973.0,0.0005068423720223011,0.1317990082528223,0.11871217886570598
159,China,India,CHN,Asia,IND,3780.0,0.00026455026455026457,0.12139635985273596,0.07332945527926721
161,China,Kazakhstan,CHN,Asia,KAZ,3280.0,0.0003048780487804878,0.12352390933480442,0.08261112917111793
162,China,Korea (Democratic People's Republic of),CHN,Asia,PRK,820.0,0.0012195121951219512,0.14904674900490525,0.19395738767578563
163,China,Kyrgyzstan,CHN,Asia,KGZ,3497.0,0.00028595939376608524,0.12255411495942849,0.07838029213994384
164,China,Lao People's Democratic Republic,CHN,Asia,LAO,2780.0,0.00035971223021582735,0.12610012576432889,0.09385016308088467
165,China,Macao,CHN,Asia,MAC,1990.0,0.0005025125628140704,0.13165014380571155,0.11806274097304217
166,China,Mongolia,CHN,Asia,MNG,1166.0,0.0008576329331046312,0.14161629347082347,0.16154118973702233
167,China,Myanmar,CHN,Asia,MMR,3222.0,0.00031036623215394165,0.12379673345103236,0.08380135506151562
168,China,Nepal,CHN,Asia,NPL,3159.0,0.00031655587211142766,0.12410010667899093,0.08512485488756526
169,China,Pakistan,CHN,Asia,PAK,3910.0,0.0002557544757033248,0.12090008683706638,0.07116440843472
171,China,Russian Federation,CHN,Asia,RUS,5869.0,0.0001703867779860283,0.11524136760918957,0.046477609391327515
172,China,Tajikistan,CHN,Asia,TJK,4080.0,0.00024509803921568627,0.12028118468274716,0.06846437818124268
173,China,Viet Nam,CHN,Asia,VNM,3290.0,0.00030395136778115504,0.12347747879394032,0.08240857071475532
178,Colombia,Ecuador,COL,Americas,ECU,705.0,0.0014184397163120568,0.15248091473715275,0.20893932190854458
179,Colombia,Panama,COL,Americas,PAN,760.0,0.0013157894736842105,0.1507541074739977,0.20140593101645501
181,Colombia,Peru,COL,Americas,PER,1880.0,0.0005319148936170213,0.13264311065543757,0.12239467052967691
182,Colombia,Venezuela (Bolivarian Republic of),COL,Americas,VEN,991.0,0.0010090817356205853,0.1449545411719404,0.1761046707714863
183,Comoros,Mayotte,COM,Africa,MYT,750.0,0.0013333333333333333,0.1510557313797606,0.20272179922768732
184,Comoros,Mozambique,COM,Africa,MOZ,2019.0,0.0004952947003467063,0.13139986977664433,0.1169708923739943
188,Congo,"Congo, Democratic Republic of the",COG,Africa,COD,20.0,0.05,0.33380820069533407,1.0
189,Congo,Gabon,COG,Africa,GAB,790.0,0.0012658227848101266,0.1498793558386567,0.19758972862773092
194,"Congo, Democratic Republic of the",Rwanda,COD,Africa,RWA,2788.0,0.0003586800573888092,0.1260544490608299,0.09365089332480828
195,"Congo, Democratic Republic of the",South Sudan,COD,Africa,SSD,2705.0,0.0003696857670979667,0.1265365140475175,0.09575395604500575
196,"Congo, Democratic Republic of the","Tanzania, United Republic of",COD,Africa,TZA,3564.0,0.0002805836139169473,0.12226973532502892,0.07713965400192307
197,"Congo, Democratic Republic of the",Uganda,COD,Africa,UGA,2946.0,0.00033944331296673454,0.12518459098522822,0.08985603964080453
198,"Congo, Democratic Republic of the",Zambia,COD,Africa,ZMB,1880.0,0.0005319148936170213,0.13264311065543757,0.12239467052967691
200,Costa Rica,Nicaragua,CRI,Americas,NIC,337.0,0.002967359050445104,0.1718188575604124,0.2933032723301571
201,Costa Rica,Panama,CRI,Americas,PAN,523.0,0.0019120458891013384,0.15975508997539395,0.24067372948053156
204,Côte d'Ivoire,Ghana,CIV,Africa,GHA,619.0,0.0016155088852988692,0.15556683619500927,0.22240200132873922
205,Côte d'Ivoire,Guinea,CIV,Africa,GIN,975.0,0.0010256410256410256,0.14529736074086197,0.17760025969634707
206,Côte d'Ivoire,Liberia,CIV,Africa,LBR,608.0,0.001644736842105263,0.15600198409770594,0.22430038299346386
207,Côte d'Ivoire,Mali,CIV,Africa,MLI,726.0,0.0013774104683195593,0.15180150401129003,0.20597531620657028
209,Croatia,Hungary,HRV,Europe,HUN,328.0,0.003048780487804878,0.17262172464996708,0.29680587030334316
210,Croatia,Montenegro,HRV,Europe,MNE,394.0,0.0025380710659898475,0.16732618535571803,0.27370348456568466
211,Croatia,Serbia,HRV,Europe,SRB,373.0,0.002680965147453083,0.16887389292737767,0.2804555329110546
212,Croatia,Slovenia,HRV,Europe,SVN,155.0,0.0064516129032258064,0.19827795135597165,0.4087340447536063
214,Cuba,Mexico,CUB,Americas,MEX,1788.0,0.0005592841163310962,0.13353179798174578,0.12627166893753253
215,Cuba,United States of America,CUB,Americas,USA,1813.0,0.0005515719801434088,0.13328467179709713,0.1251935531637852
217,Cyprus,Greece,CYP,Asia,GRC,924.0,0.0010822510822510823,0.14644049851696134,0.18258732680836284
218,Cyprus,Turkey,CYP,Asia,TUR,456.0,0.0021929824561403508,0.16333216405677026,0.25627911745865145
220,Czechia,Germany,CZE,Europe,DEU,237.0,0.004219409282700422,0.18288021239510488,0.34155967681944094
222,Czechia,Poland,CZE,Europe,POL,517.0,0.0019342359767891683,0.16005011810657205,0.24196082288333925
223,Czechia,Slovakia,CZE,Europe,SVK,295.0,0.003389830508474576,0.1758403962284105,0.3108476870544324
224,Denmark,Germany,DNK,Europe,DEU,342.0,0.0029239766081871343,0.1713851648431404,0.291411239075506
226,Denmark,Sweden,DNK,Europe,SWE,552.0,0.0018115942028985507,0.1583895446221668,0.23471638430007358
227,Djibouti,Eritrea,DJI,Africa,ERI,613.0,0.0016313213703099511,0.1558029202111948,0.22343194440070105
228,Djibouti,Ethiopia,DJI,Africa,ETH,549.0,0.0018214936247723133,0.15852637831706057,0.23531333668314394
230,Djibouti,Somalia,DJI,Africa,SOM,1085.0,0.0009216589861751152,0.14307512258972524,0.16790549583645925
231,Dominica,Guadeloupe,DMA,Americas,GLP,84.0,0.011904761904761904,0.22569202144874392,0.5283310086757185
232,Dominican Republic,Haiti,DOM,Americas,HTI,246.0,0.0040650406504065045,0.18164210338163472,0.3361582870033891
233,Dominican Republic,Puerto Rico,DOM,Americas,PRI,400.0,0.0025,0.16690410034766703,0.2718620912479792
234,East Timor,Indonesia,TLS,Asia,IDN,2085.0,0.00047961630695443646,0.13084682265126696,0.11455816209070724
236,Ecuador,Peru,ECU,Americas,PER,1349.0,0.0007412898443291327,0.1387517009156389,0.14904408254664256
237,Egypt,Israel,EGY,Africa,ISR,401.0,0.0024937655860349127,0.16683457378359495,0.2715587737928616
238,Egypt,Libya,EGY,Africa,LBY,1712.0,0.0005841121495327102,0.1343108015614102,0.1296701596649961
239,Egypt,Sudan,EGY,Africa,SDN,1667.0,0.0005998800239952009,0.1347930361880714,0.13177396245865705
241,El Salvador,Guatemala,SLV,Americas,GTM,171.0,0.005847953216374269,0.19448958279957862,0.3922068608648464
242,El Salvador,Honduras,SLV,Americas,HND,201.0,0.004975124378109453,0.18856166434639035,0.36634564992535523
244,Equatorial Guinea,Gabon,GNQ,Africa,GAB,225.0,0.0044444444444444444,0.18463468653442752,0.3492137675703861
246,Eritrea,Ethiopia,ERI,Africa,ETH,704.0,0.0014204545454545455,0.15251392462592742,0.20908333126080408
248,Eritrea,South Sudan,ERI,Africa,SSD,1415.0,0.0007067137809187279,0.1378381636895128,0.14505867365607011
249,Eritrea,Sudan,ERI,Africa,SDN,671.0,0.0014903129657228018,0.1536388799411723,0.21399107534243916
251,Estonia,Latvia,EST,Europe,LVA,329.0,0.00303951367781155,0.17253106214615435,0.2964103449340388
252,Estonia,Russian Federation,EST,Europe,RUS,898.0,0.0011135857461024498,0.14705514567368316,0.1852687941562803
254,Ethiopia,Djibouti,ETH,Africa,DJI,549.0,0.0018214936247723133,0.15852637831706057,0.23531333668314394
256,Ethiopia,Eritrea,ETH,Africa,ERI,704.0,0.0014204545454545455,0.15251392462592742,0.20908333126080408
257,Ethiopia,Kenya,ETH,Africa,KEN,1133.0,0.00088261253309797,0.14219443025580086,0.16406337648204045
259,Ethiopia,Somalia,ETH,Africa,SOM,1070.0,0.0009345794392523365,0.1433606679689497,0.16915121966738492
261,Ethiopia,South Sudan,ETH,Africa,SSD,915.0,0.001092896174863388,0.14665070184493903,0.1835043624673285
262,Ethiopia,Sudan,ETH,Africa,SDN,936.0,0.0010683760683760685,0.14616430921003037,0.18138241989505471
267,Faroe Islands,United Kingdom of Great Britain and Northern Ireland,FRO,Europe,GBR,1235.0,0.0008097165991902834,0.1404725954832445,0.15655167863942226
268,Fiji,New Caledonia,FJI,Oceania,NCL,1332.0,0.0007507507507507507,0.1389962856991451,0.15011111117208553
269,Fiji,Samoa,FJI,Oceania,WSM,823.0,0.001215066828675577,0.1489656673015593,0.19360365962602896
271,Fiji,Vanuatu,FJI,Oceania,VUT,1242.0,0.0008051529790660225,0.1403611553233963,0.15606550840888964
273,Finland,Norway,FIN,Europe,NOR,803.0,0.0012453300124533001,0.1495136012919245,0.19599408328277318
274,Finland,Russian Federation,FIN,Europe,RUS,939.0,0.0010649627263045794,0.1460959762958679,0.18108430987191237
275,Finland,Sweden,FIN,Europe,SWE,400.0,0.0025,0.16690410034766703,0.2718620912479792
277,France,Belgium,FRA,Europe,BEL,266.0,0.0037593984962406013,0.17909924977065075,0.32506480214167777
278,France,Germany,FRA,Europe,DEU,909.0,0.0011001100110011,0.14679232865855568,0.1841222253698889
280,France,Italy,FRA,Europe,ITA,1127.0,0.0008873114463176575,0.14230187050858667,0.16453209666816102
281,France,Luxembourg,FRA,Europe,LUX,336.0,0.002976190476190476,0.17190663415246227,0.29368620758482994
282,France,Spain,FRA,Europe,ESP,1012.0,0.0009881422924901185,0.144515272908321,0.174188313568837
283,France,Switzerland,FRA,Europe,CHE,438.0,0.00228310502283105,0.16441368104886364,0.2609973569702169
285,French Guiana,Suriname,GUF,Americas,SUR,330.0,0.0030303030303030303,0.17244076954535698,0.2960164333082403
290,Gambia,Senegal,GMB,Africa,SEN,144.0,0.006944444444444444,0.20121480219092233,0.4215463868160433
292,Georgia,Russian Federation,GEO,Asia,RUS,1751.0,0.0005711022272986865,0.13390569389867146,0.12790283192558427
293,Georgia,Turkey,GEO,Asia,TUR,1033.0,0.000968054211035818,0.14408760013810468,0.17232254301025374
295,Germany,Austria,DEU,Europe,AUT,705.0,0.0014184397163120568,0.15248091473715275,0.20893932190854458
297,Germany,Belgium,DEU,Europe,BEL,676.0,0.0014792899408284023,0.15346383821506743,0.21322743612611755
301,Germany,Czechia,DEU,Europe,CZE,523.0,0.0019120458891013384,0.15975508997539395,0.24067372948053156
303,Germany,Denmark,DEU,Europe,DNK,662.0,0.0015105740181268882,0.1539582933735401,0.21538455236419674
305,Germany,France,DEU,Europe,FRA,415.0,0.0024096385542168677,0.16588483704660195,0.2674154404649292
306,Germany,Luxembourg,DEU,Europe,LUX,574.0,0.0017421602787456446,0.15741513279199884,0.230465403103064
308,Germany,Netherlands,DEU,Europe,NLD,592.0,0.0016891891891891893,0.1566537104442394,0.22714361247707135
310,Germany,Poland,DEU,Europe,POL,524.0,0.0019083969465648854,0.1597063528015264,0.2404611080782743
312,Germany,Switzerland,DEU,Europe,CHE,799.0,0.0012515644555694619,0.14962531697969605,0.1964814555348588
316,Ghana,Togo,GHA,Africa,TGO,154.0,0.006493506493506494,0.1985327397206032,0.4098455876492615
317,Gibraltar,Spain,GIB,Europe,ESP,496.0,0.0020161290322580645,0.1611194339368499,0.24662583345427241
320,Greece,North Macedonia,GRC,Europe,MKD,481.0,0.002079002079002079,0.16192057831950055,0.2501209159248441
321,Greece,Turkey,GRC,Europe,TUR,806.0,0.0012406947890818859,0.1494302878561161,0.19563061904915566
322,Greenland,Iceland,GRL,Americas,ISL,1429.0,0.0006997900629811056,0.13765136151071156,0.1442437281422132
323,Grenada,Trinidad and Tobago,GRD,Americas,TTO,165.0,0.006060606060606061,0.19585011338479313,0.39814232855585996
324,Guadeloupe,Antigua and Barbuda,GLP,Americas,ATG,125.0,0.008,0.2071116448532039,0.4472720261227437
325,Guam,Northern Mariana Islands,GUM,Oceania,MNP,220.0,0.004545454545454545,0.1854039774541508,0.3525698857265153
326,Guam,Palau,GUM,Oceania,PLW,1291.0,0.000774593338497289,0.13960295040195259,0.15275775416704945
329,Guatemala,Honduras,GTM,Americas,HND,345.0,0.002898550724637681,0.17112901496657407,0.290293756430912
330,Guatemala,Mexico,GTM,Americas,MEX,1065.0,0.0009389671361502347,0.14345699643936355,0.16957146345321353
331,Guernsey,France,GGY,Europe,FRA,361.0,0.002770083102493075,0.1698116359475543,0.2845465423004938
332,Guernsey,United Kingdom of Great Britain and Northern Ireland,GGY,Europe,GBR,284.0,0.0035211267605633804,0.1770232891565654,0.31600819048838114
334,Guinea,Guinea-Bissau,GIN,Africa,GNB,315.0,0.0031746031746031746,0.1738352668944562,0.30210008482679646
335,Guinea,Liberia,GIN,Africa,LBR,458.0,0.002183406113537118,0.16321549717314204,0.25577014505780143
336,Guinea,Mali,GIN,Africa,MLI,704.0,0.0014204545454545455,0.15251392462592742,0.20908333126080408
337,Guinea,Senegal,GIN,Africa,SEN,696.0,0.0014367816091954023,0.15278022594577587,0.21024510071840544
338,Guinea,Sierra Leone,GIN,Africa,SLE,117.0,0.008547008547008548,0.20998813014637793,0.4598210167201275
340,Guinea-Bissau,Senegal,GNB,Africa,SEN,387.0,0.002583979328165375,0.16782959448489948,0.2758996635079954
342,Guyana,Suriname,GUY,Americas,SUR,341.0,0.002932551319648094,0.17147121943818708,0.2917866619245868
343,Guyana,Venezuela (Bolivarian Republic of),GUY,Americas,VEN,1042.0,0.0009596928982725527,0.1439077263639678,0.1715378234409529
344,Haiti,Cuba,HTI,Americas,CUB,1152.0,0.0008680555555555555,0.1418589655955534,0.1625998741734453
348,Honduras,Nicaragua,HND,Americas,NIC,247.0,0.004048582995951417,0.18150835245207098,0.33557478353077624
352,Hungary,Romania,HUN,Europe,ROU,639.0,0.001564945226917058,0.1548010511707109,0.2190611780356941
353,Hungary,Serbia,HUN,Europe,SRB,346.0,0.002890173410404624,0.17104429524965417,0.28992415713778724
354,Hungary,Slovakia,HUN,Europe,SVK,185.0,0.005405405405405406,0.19155782354835868,0.3794167314090633
355,Hungary,Slovenia,HUN,Europe,SVN,375.0,0.0026666666666666666,0.16872152539414745,0.2797908124112175
356,Hungary,Ukraine,HUN,Europe,UKR,897.0,0.0011148272017837235,0.14707924457281835,0.18537392831405694
357,Iceland,Faroe Islands,ISL,Europe,FRO,802.0,0.0012468827930174563,0.1495414623330074,0.19611563020790865
359,India,Bangladesh,IND,Asia,BGD,1430.0,0.0006993006993006993,0.13763810787397338,0.14418590766136347
361,India,Bhutan,IND,Asia,BTN,1220.0,0.000819672131147541,0.14071414408225535,0.1576054615685377
363,India,China,IND,Asia,CHN,3780.0,0.00026455026455026457,0.12139635985273596,0.07332945527926721
364,India,Myanmar,IND,Asia,MMR,2347.0,0.00042607584149978694,0.12885114828465882,0.10585180822147845
366,India,Nepal,IND,Asia,NPL,795.0,0.0012578616352201257,0.14973776168275255,0.1969720081981142
368,India,Pakistan,IND,Asia,PAK,696.0,0.0014367816091954023,0.15278022594577587,0.21024510071840544
373,Indonesia,Malaysia,IDN,Asia,MYS,1158.0,0.0008635578583765112,0.14175450225902728,0.1621441411193086
374,Indonesia,Papua New Guinea,IDN,Asia,PNG,4472.0,0.00022361359570661896,0.11896843401434963,0.06273735575094469
378,Iran (Islamic Republic of),Iraq,IRN,Asia,IRQ,698.0,0.0014326647564469914,0.15271327735172285,0.20995302994742915
379,Iran (Islamic Republic of),Pakistan,IRN,Asia,PAK,1987.0,0.0005032712632108706,0.1316762969966446,0.11817683720982435
381,Iran (Islamic Republic of),Turkey,IRN,Asia,TUR,1710.0,0.0005847953216374269,0.13433189124702444,0.1297621657903543
382,Iran (Islamic Republic of),Turkmenistan,IRN,Asia,TKM,653.0,0.0015313935681470138,0.1542834375113939,0.21680303023314468
384,Iraq,Jordan,IRQ,Asia,JOR,813.0,0.0012300123001230013,0.14923744642955591,0.1947893266377422
385,Iraq,Kuwait,IRQ,Asia,KWT,567.0,0.001763668430335097,0.15771976824910536,0.231794409545729
386,Iraq,Saudi Arabia,IRQ,Asia,SAU,1026.0,0.0009746588693957114,0.14422890342748268,0.17293899450193767
387,Iraq,Turkey,IRQ,Asia,TUR,1233.0,0.0008110300081103001,0.14050458421572837,0.1566912330825181
388,Ireland,United Kingdom of Great Britain and Northern Ireland,IRL,Europe,GBR,496.0,0.0020161290322580645,0.1611194339368499,0.24662583345427241
389,Isle of Man,Ireland,IMN,Europe,IRL,1482.0,0.0006747638326585695,0.13696476589584036,0.14124837755388595
390,Isle of Man,United Kingdom of Great Britain and Northern Ireland,IMN,Europe,GBR,415.0,0.0024096385542168677,0.16588483704660195,0.2674154404649292
392,Israel,Jordan,ISR,Asia,JOR,149.0,0.006711409395973154,0.1998422722505727,0.41555857058873696
393,Israel,Lebanon,ISR,Asia,LBN,136.0,0.007352941176470588,0.20355592307196482,0.4317597899553736
396,Italy,Slovenia,ITA,Europe,SVN,566.0,0.0017667844522968198,0.15776369138997973,0.2319860291876399
397,Italy,Switzerland,ITA,Europe,CHE,703.0,0.001422475106685633,0.15254699576300085,0.20922760781565528
398,Jamaica,Cuba,JAM,Americas,CUB,810.0,0.0012345679012345679,0.14931982770559074,0.19514872421951143
399,Jamaica,Haiti,JAM,Americas,HTI,480.0,0.0020833333333333333,0.16197516129818348,0.2503590403080609
400,Japan,Korea (Democratic People's Republic of),JPN,Asia,PRK,1315.0,0.0007604562737642585,0.1392448927358328,0.15119568732939828
401,Jersey,France,JEY,Europe,FRA,327.0,0.0030581039755351682,0.1727127597572114,0.29720302119702285
402,Jersey,United Kingdom of Great Britain and Northern Ireland,JEY,Europe,GBR,293.0,0.0034129692832764505,0.1760509880302821,0.3117664174744502
405,Jordan,Saudi Arabia,JOR,Asia,SAU,1323.0,0.0007558578987150416,0.13912739257968404,0.15068307968346284
407,Kazakhstan,Kyrgyzstan,KAZ,Asia,KGZ,230.0,0.004347826086956522,0.18388845457974975,0.34595824674261033
408,Kazakhstan,Russian Federation,KAZ,Asia,RUS,3119.0,0.0003206155819172812,0.12429667168635114,0.08598239183899394
409,Kazakhstan,Turkmenistan,KAZ,Asia,TKM,1727.0,0.0005790387955993051,0.13415361870889486,0.12898443179321947
410,Kazakhstan,Uzbekistan,KAZ,Asia,UZB,683.0,0.0014641288433382138,0.15322160233276644,0.21217065484635309
412,Kenya,Ethiopia,KEN,Africa,ETH,1133.0,0.00088261253309797,0.14219443025580086,0.16406337648204045
413,Kenya,Somalia,KEN,Africa,SOM,1003.0,0.0009970089730807576,0.1447020780639251,0.17500327206933114
414,Kenya,South Sudan,KEN,Africa,SSD,894.0,0.0011185682326621924,0.14715175039703174,0.18569024312660562
415,Kenya,"Tanzania, United Republic of",KEN,Africa,TZA,626.0,0.001597444089456869,0.15529516835859952,0.22121681983909017
417,Kenya,Uganda,KEN,Africa,UGA,496.0,0.0020161290322580645,0.1611194339368499,0.24662583345427241
418,Kiribati,United States of America,KIR,Oceania,USA,11623.0,8.603630732168976e-05,0.1068291475596451,0.00977835333903153
420,Korea (Democratic People's Republic of),"Korea, Republic of",PRK,Asia,KOR,238.0,0.004201680672268907,0.18273949876259984,0.34094579777218154
421,Korea (Democratic People's Republic of),Russian Federation,PRK,Asia,RUS,6443.0,0.0001552072016141549,0.11401534092353692,0.04112893008922689
424,Kuwait,Saudi Arabia,KWT,Asia,SAU,562.0,0.0017793594306049821,0.15794041030198713,0.23275698531608713
427,Kyrgyzstan,Tajikistan,KGZ,Asia,TJK,668.0,0.0014970059880239522,0.153744725528706,0.2144528386220522
428,Kyrgyzstan,Uzbekistan,KGZ,Asia,UZB,458.0,0.002183406113537118,0.16321549717314204,0.25577014505780143
431,Lao People's Democratic Republic,Myanmar,LAO,Asia,MMR,701.0,0.0014265335235378032,0.1526133225995339,0.2095169660995243
432,Lao People's Democratic Republic,Thailand,LAO,Asia,THA,503.0,0.0019880715705765406,0.16075645118153897,0.2450422803611213
433,Lao People's Democratic Republic,Viet Nam,LAO,Asia,VNM,826.0,0.0012106537530266344,0.1488849683089902,0.19325160119507814
436,Latvia,Lithuania,LVA,Europe,LTU,241.0,0.004149377593360996,0.18232215561052253,0.33912509133445745
437,Latvia,Russian Federation,LVA,Europe,RUS,854.0,0.00117096018735363,0.14814965831358715,0.19004372864298405
442,Liberia,Sierra Leone,LBR,Africa,SLE,355.0,0.0028169014084507044,0.17029631145892507,0.28666099372821613
446,Libya,Niger,LBY,Africa,NER,2416.0,0.0004139072847682119,0.12837187077279122,0.10376090617367847
447,Libya,Sudan,LBY,Africa,SDN,2715.0,0.00036832412523020257,0.12647745856828288,0.0954963198751293
449,Libya,Tunisia,LBY,Africa,TUN,535.0,0.001869158878504673,0.15917821389772857,0.23815704271294846
452,Lithuania,Poland,LTU,Europe,POL,367.0,0.0027247956403269754,0.16933763344737873,0.2824786530844582
453,Lithuania,Russian Federation,LTU,Europe,RUS,791.0,0.0012642225031605564,0.14985094399051974,0.19746577874487525
455,Luxembourg,Belgium,LUX,Europe,BEL,136.0,0.007352941176470588,0.20355592307196482,0.4317597899553736
458,Luxembourg,Germany,LUX,Europe,DEU,80.0,0.0125,0.2282049114186687,0.5392937737834274
460,Madagascar,Mayotte,MDG,Africa,MYT,726.0,0.0013774104683195593,0.15180150401129003,0.20597531620657028
461,Malawi,Mozambique,MWI,Africa,MOZ,1448.0,0.0006906077348066298,0.1374015444039756,0.1431538729182235
462,Malawi,"Tanzania, United Republic of",MWI,Africa,TZA,996.0,0.001004016064257028,0.14484887158946608,0.17564367533373926
464,Malawi,Zambia,MWI,Africa,ZMB,594.0,0.0016835016835016834,0.15657098717496845,0.22678272291134705
467,Malaysia,Philippines,MYS,Asia,PHL,2451.0,0.0004079967360261118,0.12813528817262732,0.10272878797303735
468,Malaysia,Singapore,MYS,Asia,SGP,326.0,0.003067484662576687,0.1728041701966084,0.2976018095194307
469,Malaysia,Thailand,MYS,Asia,THA,1126.0,0.0008880994671403197,0.14231984865506164,0.16461052835408277
470,Maldives,Sri Lanka,MDV,Asia,LKA,820.0,0.0012195121951219512,0.14904674900490525,0.19395738767578563
475,Mali,Mauritania,MLI,Africa,MRT,1083.0,0.0009233610341643582,0.14311290100607968,0.16807030842658127
476,Mali,Niger,MLI,Africa,NER,1108.0,0.0009025270758122744,0.14264700614298287,0.16603778968913274
477,Mali,Senegal,MLI,Africa,SEN,1052.0,0.0009505703422053232,0.14371019852115238,0.17067608601156495
478,Malta,Italy,MLT,Europe,ITA,607.0,0.0016474464579901153,0.15604205467487237,0.22447519539291766
479,Malta,Tunisia,MLT,Europe,TUN,398.0,0.002512562814070352,0.16704385153631351,0.2724717715256638
481,Martinique,Dominica,MTQ,Americas,DMA,85.0,0.011764705882352941,0.22509081678177853,0.5257081857011824
484,Mauritania,Senegal,MRT,Africa,SEN,467.0,0.0021413276231263384,0.16269873579458505,0.25351571542591994
485,Mauritania,Western Sahara,MRT,Africa,ESH,976.0,0.0010245901639344263,0.14527572242113262,0.17750586009295918
486,Mauritius,Réunion,MUS,Africa,REU,228.0,0.0043859649122807015,0.18418425871932848,0.34724872556934006
487,Mayotte,Mozambique,MYT,Africa,MOZ,1975.0,0.0005063291139240507,0.13178141082552874,0.11863540811003104
490,Mexico,United States of America,MEX,Americas,USA,3024.0,0.00033068783068783067,0.12477640477998843,0.08807528141350149
492,Micronesia (Federated States of),Papua New Guinea,FSM,Oceania,PNG,2147.0,0.0004657661853749418,0.13034705114517114,0.11237785268821544
493,"Moldova, Republic of",Romania,MDA,Europe,ROU,390.0,0.002564102564102564,0.16761237088628497,0.274952001128837
495,"Moldova, Republic of",Ukraine,MDA,Europe,UKR,360.0,0.002777777777777778,0.16989166257627808,0.2848956674685516
498,Mongolia,Russian Federation,MNG,Asia,RUS,4714.0,0.00021213406873143826,0.11822717755883748,0.05950354109785191
502,Montenegro,Serbia,MNE,Europe,SRB,209.0,0.004784688995215311,0.18718409459913868,0.3603358469736334
504,Morocco,Spain,MAR,Africa,ESP,822.0,0.0012165450121654502,0.14899265185176008,0.19372138276111603
505,Morocco,Western Sahara,MAR,Africa,ESH,1865.0,0.0005361930294906167,0.1327842028094614,0.12301020091963276
506,Mozambique,Madagascar,MOZ,Africa,MDG,1795.0,0.0005571030640668524,0.1334621634535536,0.12596788047679872
508,Mozambique,South Africa,MOZ,Africa,ZAF,1622.0,0.0006165228113440197,0.1352920879493684,0.13395113189351743
510,Mozambique,"Tanzania, United Republic of",MOZ,Africa,TZA,2338.0,0.000427715996578272,0.12891496803230346,0.10613022904811031
512,Mozambique,Zambia,MOZ,Africa,ZMB,1293.0,0.0007733952049497294,0.139572788208577,0.15262616820623645
513,Mozambique,Zimbabwe,MOZ,Africa,ZWE,1012.0,0.0009881422924901185,0.144515272908321,0.174188313568837
517,Myanmar,India,MMR,Asia,IND,2347.0,0.00042607584149978694,0.12885114828465882,0.10585180822147845
519,Myanmar,Thailand,MMR,Asia,THA,573.0,0.0017452006980802793,0.15745835220560253,0.2306539526556114
522,Namibia,South Africa,NAM,Africa,ZAF,1270.0,0.0007874015748031496,0.13992330731838004,0.15415534724412688
523,Namibia,Zambia,NAM,Africa,ZMB,1425.0,0.0007017543859649122,0.13770449458310646,0.1444755271461838
527,Nepal,India,NPL,Asia,IND,795.0,0.0012578616352201257,0.14973776168275255,0.1969720081981142
529,Netherlands,Belgium,NLD,Europe,BEL,219.0,0.0045662100456621,0.18556071437446803,0.3532536681689256
531,Netherlands,Germany,NLD,Europe,DEU,273.0,0.003663003663003663,0.17826990428196407,0.3214466891743669
532,New Caledonia,Australia,NCL,Oceania,AUS,2216.0,0.0004512635379061372,0.12981181489851185,0.11004282436644881
533,New Caledonia,Vanuatu,NCL,Oceania,VUT,540.0,0.001851851851851852,0.15894286112386294,0.2371302897678468
534,New Zealand,Australia,NZL,Oceania,AUS,2334.0,0.0004284490145672665,0.12894343163235217,0.10625440470450133
543,Niger,Nigeria,NER,Africa,NGA,788.0,0.0012690355329949238,0.14993632002394186,0.19783824129255403
549,Norfolk Island,New Zealand,NFK,Oceania,NZL,1493.0,0.0006697923643670462,0.13682618104620023,0.1406437855612897
553,North Macedonia,Serbia,MKD,Europe,SRB,245.0,0.004081632653061225,0.18177659759420406,0.33674503313170767
556,Norway,Russian Federation,NOR,Europe,RUS,1677.0,0.0005963029218843172,0.13468445615882524,0.13130026986954246
557,Norway,Sweden,NOR,Europe,SWE,419.0,0.002386634844868735,0.1656212948674457,0.26626570806890626
558,Oman,Saudi Arabia,OMN,Asia,SAU,1194.0,0.0008375209380234506,0.1411419795941089,0.15947194210581614
559,Oman,United Arab Emirates,OMN,Asia,ARE,422.0,0.002369668246445498,0.16542582645512008,0.26541295513664526
560,Oman,Yemen,OMN,Asia,YEM,1747.0,0.0005724098454493417,0.13394671444884101,0.12808178868910355
562,Pakistan,Afghanistan,PAK,Asia,AFG,371.0,0.0026954177897574125,0.16902735731768975,0.2811250385732701
564,Pakistan,China,PAK,Asia,CHN,3910.0,0.0002557544757033248,0.12090008683706638,0.07116440843472
566,Pakistan,India,PAK,Asia,IND,696.0,0.0014367816091954023,0.15278022594577587,0.21024510071840544
570,Pakistan,Iran (Islamic Republic of),PAK,Asia,IRN,1987.0,0.0005032712632108706,0.1316762969966446,0.11817683720982435
572,Palau,Indonesia,PLW,Oceania,IDN,3416.0,0.0002927400468384075,0.12290711377792561,0.07992028918589433
573,Palau,Philippines,PLW,Oceania,PHL,1644.0,0.0006082725060827251,0.1350459395619919,0.13287728187033848
575,Panama,Colombia,PAN,Americas,COL,760.0,0.0013157894736842105,0.1507541074739977,0.20140593101645501
577,Panama,Costa Rica,PAN,Americas,CRI,523.0,0.0019120458891013384,0.15975508997539395,0.24067372948053156
578,Papua New Guinea,Australia,PNG,Oceania,AUS,2893.0,0.0003456619426201175,0.12546973823306784,0.09110002657878775
580,Papua New Guinea,Solomon Islands,PNG,Oceania,SLB,1287.0,0.000777000777000777,0.1396634545011239,0.1530217101043198
589,Philippines,Indonesia,PHL,Asia,IDN,2726.0,0.00036683785766691124,0.12641281151000586,0.09521428981281957
593,Poland,Germany,POL,Europe,DEU,1000.0,0.001,0.14476482730108395,0.1752770226735731
595,Poland,Russian Federation,POL,Europe,RUS,1138.0,0.0008787346221441124,0.14210545343221334,0.16367520508229974
596,Poland,Slovakia,POL,Europe,SVK,530.0,0.0018867924528301887,0.15941648448653353,0.239196524953877
597,Poland,Ukraine,POL,Europe,UKR,688.0,0.0014534883720930232,0.1530505537911297,0.21142443634637
598,Portugal,Spain,PRT,Europe,ESP,523.0,0.0019120458891013384,0.15975508997539395,0.24067372948053156
600,Qatar,Saudi Arabia,QAT,Asia,SAU,474.0,0.002109704641350211,0.16230585140005954,0.25180171306878674
601,Réunion,Madagascar,REU,Africa,MDG,851.0,0.0011750881316098707,0.1482269361761426,0.19038086200949061
605,Romania,"Moldova, Republic of",ROU,Europe,MDA,390.0,0.002564102564102564,0.16761237088628497,0.274952001128837
606,Romania,Serbia,ROU,Europe,SRB,452.0,0.0022123893805309734,0.16356754744281482,0.2573060039528265
607,Romania,Ukraine,ROU,Europe,UKR,744.0,0.0013440860215053765,0.1512392307809147,0.20352233600260936
621,Russian Federation,Ukraine,RUS,Europe,UKR,739.0,0.0013531799729364006,0.15139362553634042,0.20419590048726724
624,Rwanda,"Tanzania, United Republic of",RWA,Africa,TZA,1157.0,0.000864304235090752,0.141771864506403,0.1622198858761424
626,Rwanda,Uganda,RWA,Africa,UGA,288.0,0.003472222222222222,0.17658608134521075,0.314100822240467
627,Saint Lucia,Barbados,LCA,Americas,BRB,190.0,0.005263157894736842,0.19058422188412896,0.3751692846520752
628,Saint Lucia,Martinique,LCA,Americas,MTQ,66.0,0.015151515151515152,0.23868315209103041,0.5850062771592048
630,Saint Pierre and Miquelon,Canada,SPM,Americas,CAN,1508.0,0.000663129973474801,0.13663928347503168,0.13982842388750202
633,Sao Tome and Principe,Gabon,STP,Africa,GAB,298.0,0.003355704697986577,0.17552810084101317,0.30948526330439435
639,Saudi Arabia,United Arab Emirates,SAU,Asia,ARE,778.0,0.0012853470437017994,0.1502239871756524,0.19909322159457693
640,Saudi Arabia,Yemen,SAU,Asia,YEM,1040.0,0.0009615384615384616,0.1439475249564828,0.17171144927677595
653,Seychelles,Madagascar,SYC,Africa,MDG,1734.0,0.0005767012687427913,0.13408085812068143,0.1286670055440684
654,Seychelles,Somalia,SYC,Africa,SOM,1362.0,0.0007342143906020558,0.13856730714207557,0.148239643971499
657,Singapore,Indonesia,SGP,Asia,IDN,853.0,0.0011723329425556857,0.14817537844738762,0.19015593561932131
662,Slovakia,Ukraine,SVK,Europe,UKR,996.0,0.001004016064257028,0.14484887158946608,0.17564367533373926
669,Somalia,Ethiopia,SOM,Africa,ETH,1070.0,0.0009345794392523365,0.1433606679689497,0.16915121966738492
677,South Africa,Zimbabwe,ZAF,Africa,ZWE,2186.0,0.0004574565416285453,0.13004190900449672,0.11104663578150092
683,South Sudan,Sudan,SSD,Africa,SDN,1200.0,0.0008333333333333334,0.1410421950512668,0.15903662081532974
684,South Sudan,Uganda,SSD,Africa,UGA,514.0,0.0019455252918287938,0.16019933242920986,0.24261178714733894
689,Sri Lanka,India,LKA,Asia,IND,2455.0,0.0004073319755600815,0.12810852058055333,0.1026120113421788
691,Sri Lanka,Indonesia,LKA,Asia,IDN,3284.0,0.0003045066991473812,0.12350531596327509,0.0825300134967048
693,Sudan,Central African Republic,SDN,Africa,CAF,1961.0,0.0005099439061703213,0.13190506831041257,0.11917487779506147
695,Sudan,Chad,SDN,Africa,TCD,1938.0,0.0005159958720330237,0.1321106616233168,0.12007180174480063
697,Sudan,Egypt,SDN,Africa,EGY,1667.0,0.0005998800239952009,0.1347930361880714,0.13177396245865705
699,Sudan,Eritrea,SDN,Africa,ERI,671.0,0.0014903129657228018,0.1536388799411723,0.21399107534243916
701,Sudan,Ethiopia,SDN,Africa,ETH,936.0,0.0010683760683760685,0.14616430921003037,0.18138241989505471
705,Sudan,Libya,SDN,Africa,LBY,2715.0,0.00036832412523020257,0.12647745856828288,0.0954963198751293
718,Switzerland,Germany,CHE,Europe,DEU,441.0,0.0022675736961451248,0.16422936937652555,0.260193276570902
720,Taiwan,China,TWN,Asia,CHN,1645.0,0.0006079027355623101,0.13503485053260564,0.13282890473250555
721,Taiwan,Philippines,TWN,Asia,PHL,1217.0,0.0008216926869350862,0.1407629106210129,0.15781821107843005
725,Tajikistan,Uzbekistan,TJK,Asia,UZB,334.0,0.0029940119760479044,0.1720832451335447,0.29445669285247844
727,"Tanzania, United Republic of",Burundi,TZA,Africa,BDI,1158.0,0.0008635578583765112,0.14175450225902728,0.1621441411193086
730,"Tanzania, United Republic of",Kenya,TZA,Africa,KEN,626.0,0.001597444089456869,0.15529516835859952,0.22121681983909017
732,"Tanzania, United Republic of",Malawi,TZA,Africa,MWI,996.0,0.001004016064257028,0.14484887158946608,0.17564367533373926
734,"Tanzania, United Republic of",Mozambique,TZA,Africa,MOZ,2338.0,0.000427715996578272,0.12891496803230346,0.10613022904811031
736,"Tanzania, United Republic of",Rwanda,TZA,Africa,RWA,1157.0,0.000864304235090752,0.141771864506403,0.1622198858761424
737,"Tanzania, United Republic of",Uganda,TZA,Africa,UGA,1018.0,0.0009823182711198428,0.14439192178272636,0.17365018041066052
739,"Tanzania, United Republic of",Zambia,TZA,Africa,ZMB,1543.0,0.0006480881399870382,0.1362122453866201,0.13796542219967195
749,Tonga,Fiji,TON,Oceania,FJI,743.0,0.0013458950201884253,0.15127000140916244,0.20365657632898015
751,Trinidad and Tobago,Venezuela (Bolivarian Republic of),TTO,Americas,VEN,623.0,0.0016051364365971107,0.15541110738421443,0.22172261687749806
764,Turkmenistan,Uzbekistan,TKM,Asia,UZB,1044.0,0.0009578544061302681,0.14386802602481988,0.17136462624649398
765,Turks and Caicos Islands,Bahamas,TCA,Americas,BHS,750.0,0.0013333333333333333,0.1510557313797606,0.20272179922768732
772,Uganda,"Tanzania, United Republic of",UGA,Africa,TZA,1018.0,0.0009823182711198428,0.14439192178272636,0.17365018041066052
776,Ukraine,"Moldova, Republic of",UKR,Europe,MDA,360.0,0.002777777777777778,0.16989166257627808,0.2848956674685516
785,United States of America,Canada,USA,Americas,CAN,731.0,0.0013679890560875513,0.15164350948021152,0.20528604729577585
787,United States of America,Mexico,USA,Americas,MEX,3024.0,0.00033068783068783067,0.12477640477998843,0.08807528141350149
796,Vanuatu,Papua New Guinea,VUT,Oceania,PNG,2267.0,0.0004411116012351125,0.12942952067651292,0.10837502282799386
799,Venezuela (Bolivarian Republic of),Grenada,VEN,Americas,GRD,625.0,0.0016,0.15533373363990297,0.22138506521604753
804,Virgin Islands (British),Anguilla,VGB,Americas,AIA,167.0,0.005988023952095809,0.19538905998164785,0.3961309312319481
805,Virgin Islands (British),Puerto Rico,VGB,Americas,PRI,156.0,0.00641025641025641,0.19802544836217253,0.4076324720452335
819,Zambia,"Tanzania, United Republic of",ZMB,Africa,TZA,1543.0,0.0006480881399870382,0.1362122453866201,0.13796542219967195
820,Zambia,Zimbabwe,ZMB,Africa,ZWE,347.0,0.002881844380403458,0.17095990351369836,0.28955598869850496
