	src	trg	nij	score
0	Afghanistan	Azerbaijan	0.09991578476	0.9814455857
1	Austria	Azerbaijan	0.1998315695	0.926207087
2	Afghanistan	India	0.3804148549	0.9287801607
6	Bangladesh	India	0.4581101264	0.8557716875
8	Bhutan	India	0.2582785568	0.9788688882
17	Afghanistan	Iran (Islamic Republic of)	0.3319130525	0.9598298968
34	Iran (Islamic Republic of)	Kuwait	0.4318288373	0.8875254759
38	Afghanistan	Pakistan	0.2997473543	0.928885775
48	Kuwait	Pakistan	0.3581943416	0.8778833336
52	Oman	Pakistan	0.4750883162	0.9332788802
138	Tajikistan	Turkey	0.2582785568	0.8569919486
214	Sudan	United Arab Emirates	0.4318288373	0.8787421301
218	Tajikistan	United Arab Emirates	0.2582785568	0.8378177974
208	Somalia	United Arab Emirates	0.2804990701	0.8437397575
213	Sri Lanka	United Arab Emirates	0.4581101264	0.8473741088
223	Turkmenistan	United Arab Emirates	0.1998315695	0.8378177974
225	Ukraine	United Arab Emirates	0.4318288373	0.8332939252
273	Albania	Italy	0.575004101	0.9013877637
317	Montenegro	Slovenia	0.1998315695	0.9455090149
321	Serbia	Slovenia	0.1998315695	0.9172650673
413	Tunisia	United Kingdom of Great Britain and Northern Ireland	0.5454833945	0.8074269616
354	Gibraltar	United Kingdom of Great Britain and Northern Ireland	0.3581943416	0.8841408142
356	Guernsey	United Kingdom of Great Britain and Northern Ireland	0.4455676098	0.7953450479
363	Isle of Man	United Kingdom of Great Britain and Northern Ireland	0.4318288373	0.8841408142
368	Jersey	United Kingdom of Great Britain and Northern Ireland	0.5639103203	0.8278564358
401	Sierra Leone	United Kingdom of Great Britain and Northern Ireland	0.1998315695	0.8311032804
403	Slovakia	United Kingdom of Great Britain and Northern Ireland	0.3581943416	0.8085948286
421	Kenya	Belgium	0.1998315695	0.8931315101
424	Uganda	Belgium	0.1998315695	0.9886166703
422	Liberia	Belgium	0.1583627721	0.9836980054
423	Togo	Belgium	0.1583627721	0.9965288728
429	Antigua and Barbuda	Canada	0.1998315695	0.9078671725
433	Bahamas	Canada	0.2804990701	0.9528814576
434	Barbados	Canada	0.1998315695	0.9407783717
436	Bermuda	Canada	0.1998315695	0.9699546037
430	Aruba	Canada	0.1998315695	0.9322865631
446	Myanmar	China	0.399663139	0.9383127421
447	Cambodia	China	0.4388618422	0.9268455613
508	Iraq	Jordan	0.3697323384	0.9265951689
553	Libya	Malta	0.2804990701	0.9109566682
606	Luxembourg	Portugal	0.3804148549	0.8521160252
596	Cabo Verde	Portugal	0.4084020575	0.8478882172
686	Kyrgyzstan	Russian Federation	0.663826105	0.8696640698
695	Mongolia	Russian Federation	0.1998315695	0.8647633879
699	Korea (Democratic People's Republic of)	Russian Federation	0.09991578476	0.943617877
811	Slovakia	Spain	0.2582785568	0.8390872024
878	Libya	Tunisia	0.5421695013	0.9194412106
902	Bermuda	United States of America	0.4455676098	0.7903511222
936	Jamaica	United States of America	0.6334510883	0.7681191702
970	Trinidad and Tobago	United States of America	0.4455676098	0.8128144826
952	Peru	United States of America	0.538777627	0.7767286269
907	Cayman Islands	United States of America	0.5040145971	0.789169951
928	Haiti	United States of America	0.4696481232	0.7826226421
929	Honduras	United States of America	0.5243507959	0.823125128
939	Kiribati	United States of America	0.1998315695	0.8837189964
947	Nicaragua	United States of America	0.3581943416	0.8245386872
959	Saint Kitts and Nevis	United States of America	0.2319972678	0.8837189964
961	Samoa	United States of America	0.09991578476	0.8837189964
972	Turks and Caicos Islands	United States of America	0.4803306397	0.8837189964
975	United Kingdom of Great Britain and Northern Ireland	United States of America	0.8672170655	0.8711846495
1294	Austria	Belarus	0.1998315695	0.9028048351
1293	Armenia	Belarus	0.09991578476	0.9678065067
1295	Azerbaijan	Belarus	0.09991578476	0.9404902304
1296	Armenia	Czechia	0.1998315695	0.9459390828
1298	Azerbaijan	Czechia	0.1998315695	0.9010016928
1299	Belarus	Czechia	0.1998315695	0.9087496233
1305	Azerbaijan	Kazakhstan	0.2997473543	0.903637872
1309	Georgia	Kazakhstan	0.1998315695	0.9080326426
1369	Turkey	Ukraine	0.531744622	0.8717744196
1407	Guam	Japan	0.5243507959	0.9330529124
1557	Korea, Republic of	Taiwan	0.5165571137	0.8611672544
1551	Macao	Taiwan	0.399663139	0.9050137944
1554	Palau	Taiwan	0.1998315695	0.9458192843
1603	Sri Lanka	Thailand	0.2997473543	0.8684927675
1606	Taiwan	Thailand	0.399663139	0.8362039602
1584	Lao People's Democratic Republic	Thailand	0.4318288373	0.8730832409
1636	Austria	Bosnia and Herzegovina	0.09991578476	0.9501921469
1637	Austria	Bulgaria	0.2582785568	0.8954101283
1638	Belgium	Bulgaria	0.2997473543	0.9006815657
1639	Austria	Croatia	0.3581943416	0.8933473089
1640	Belgium	Croatia	0.3319130525	0.8747492904
1641	Bosnia and Herzegovina	Croatia	0.09991578476	0.9613330802
1646	Bulgaria	Cyprus	0.2997473543	0.9470825149
1653	Croatia	Denmark	0.3581943416	0.882760651
1663	Estonia	Finland	0.2582785568	0.9250978909
1665	Azerbaijan	Georgia	0.1998315695	0.9291179891
1666	Belarus	Georgia	0.2582785568	0.94913314
1687	Iran (Islamic Republic of)	Iraq	0.2997473543	0.9282188638
1685	Georgia	Iraq	0.1998315695	0.9371995342
1774	Italy	Moldova, Republic of	0.4581101264	0.8594567252
1799	Lithuania	Norway	0.399663139	0.8738961592
1795	Iceland	Norway	0.345651825	0.8906710827
1789	Faroe Islands	Norway	0.1998315695	0.9761693852
1818	Moldova, Republic of	Romania	0.2582785568	0.9166181463
1826	Bosnia and Herzegovina	Serbia	0.2582785568	0.9097680164
1839	Montenegro	Serbia	0.2997473543	0.9309692845
1847	Czechia	Slovakia	0.3167255442	0.899622169
1091	Congo, Democratic Republic of the	South Africa	0.2582785568	0.9022393729
1104	Mauritius	South Africa	0.3319130525	0.9027687428
1113	Senegal	South Africa	0.2582785568	0.8804547443
1114	Seychelles	South Africa	0.1998315695	0.9182251551
1105	Mozambique	South Africa	0.4902758246	0.9662886933
1087	Botswana	South Africa	0.4166413289	0.9478276769
1103	Malawi	South Africa	0.2582785568	0.9269594927
1106	Namibia	South Africa	0.4166413289	0.9533845714
1110	Réunion	South Africa	0.09991578476	0.9759328708
1192	Brazil	Chile	0.3581943416	0.907961969
1189	Argentina	Chile	0.4244350111	0.9499095321
1191	Bolivia	Chile	0.2582785568	0.9704380907
1375	Australia	Brunei	0.09991578476	0.9654459698
1376	Australia	East Timor	0.1998315695	0.9654459698
1377	Australia	Fiji	0.4455676098	0.9654459698
1378	Australia	Guam	0.09991578476	0.9654459698
1381	Brunei	Hong Kong	0.1998315695	0.902730433
1392	Australia	Indonesia	0.5695639079	0.885321153
1397	Hong Kong	Indonesia	0.4318288373	0.8762423921
1393	Brunei	Indonesia	0.2997473543	0.9607582714
1395	East Timor	Indonesia	0.09991578476	0.98660363
1414	Brunei	Malaysia	0.3804148549	0.9151083404
1422	Indonesia	Malaysia	0.6518068123	0.8774586058
1437	Madagascar	Mauritius	0.1998315695	0.9601407316
1439	Australia	New Caledonia	0.2997473543	0.9320656426
1441	Japan	New Caledonia	0.1998315695	0.9124740931
1440	Fiji	New Caledonia	0.09991578476	0.9568617585
1442	Australia	New Zealand	0.7133538762	0.8886030483
1446	Fiji	New Zealand	0.3319130525	0.9483820356
1450	New Caledonia	New Zealand	0.1998315695	0.9837534626
1451	Australia	Norfolk Island	0.1998315695	0.9654459698
1452	Australia	Papua New Guinea	0.4166413289	0.9334037195
1453	Fiji	Papua New Guinea	0.09991578476	0.9417152872
1467	Macao	Philippines	0.3319130525	0.9308198948
1469	Palau	Philippines	0.09991578476	0.935670391
1470	Papua New Guinea	Philippines	0.1998315695	0.9737617882
1472	Fiji	Samoa	0.09991578476	0.9687380182
1473	New Zealand	Samoa	0.2319972678	0.9895848319
1487	Indonesia	Singapore	0.6959918033	0.8209633935
1496	New Zealand	Singapore	0.3319130525	0.8596092854
1481	East Timor	Singapore	0.09991578476	0.9408267007
1502	Australia	Solomon Islands	0.1998315695	0.9157970871
1503	Fiji	Solomon Islands	0.1998315695	0.981796699
1504	Papua New Guinea	Solomon Islands	0.09991578476	0.9931851732
1527	Mongolia	Korea, Republic of	0.1998315695	0.9211749201
1532	Palau	Korea, Republic of	0.1998315695	0.9211749201
1531	Northern Mariana Islands	Korea, Republic of	0.1998315695	0.967706302
1608	Fiji	Tonga	0.1998315695	0.981796699
1609	New Zealand	Tonga	0.1998315695	0.9860362446
1610	Australia	Vanuatu	0.3804148549	0.8917493867
1611	Fiji	Vanuatu	0.1998315695	0.9554828267
1613	New Zealand	Vanuatu	0.1998315695	0.9657449384
1612	New Caledonia	Vanuatu	0.1998315695	0.9915617289
1614	Solomon Islands	Vanuatu	0.2582785568	0.9957719451
1634	Thailand	Viet Nam	0.4318288373	0.9163801227
1633	Taiwan	Viet Nam	0.4696481232	0.9275769723
1617	Cambodia	Viet Nam	0.4803306397	0.844927404
1625	Lao People's Democratic Republic	Viet Nam	0.3581943416	0.9222800624
524	Iraq	Lebanon	0.3319130525	0.9183746429
731	Pakistan	Saudi Arabia	0.6298472004	0.8541243666
1002	Djibouti	Ethiopia	0.3319130525	0.9670706208
994	Angola	Ethiopia	0.1998315695	0.9010291351
999	Chad	Ethiopia	0.09991578476	0.9639217695
1001	Congo	Ethiopia	0.1583627721	0.9199881029
1004	Equatorial Guinea	Ethiopia	0.1998315695	0.9739994411
1950	Maldives	Sri Lanka	0.4581101264	0.9417551976
1956	Seychelles	Sri Lanka	0.1998315695	0.9435899249
1966	Saudi Arabia	Sudan	0.399663139	0.9381855254
1967	South Sudan	Sudan	0.1998315695	0.9866319279
1961	Eritrea	Sudan	0.09991578476	0.9710720223
1969	Djibouti	Yemen	0.2319972678	0.9247715613
1979	Saudi Arabia	Yemen	0.4950024122	0.9000571896
1981	Sudan	Yemen	0.09991578476	0.9269583259
1980	Somalia	Yemen	0.1583627721	0.9600179236
1983	United Arab Emirates	Yemen	0.4519752428	0.9455376046
1971	Eritrea	Yemen	0.1998315695	0.9704636195
1984	Bangladesh	Bhutan	0.09991578476	0.9843010162
1985	Bangladesh	Myanmar	0.09991578476	0.9843010162
1986	Bangladesh	Nepal	0.2997473543	0.9259224115
1987	Bhutan	Nepal	0.09991578476	0.9822812781
1990	India	Nepal	0.399663139	0.8705163601
1991	Malaysia	Nepal	0.2582785568	0.8888402348
426	Belgium	Burkina Faso	0.2997473543	0.9106191715
427	Benin	Burkina Faso	0.09991578476	0.9510635982
451	Benin	Côte d'Ivoire	0.345651825	0.9650465931
452	Burkina Faso	Côte d'Ivoire	0.399663139	0.9807970299
579	Libya	Morocco	0.3319130525	0.8816412705
574	Guinea-Bissau	Morocco	0.09991578476	0.9439104488
582	Mauritania	Morocco	0.2582785568	0.9387433828
743	Ghana	Senegal	0.2582785568	0.8832141234
740	Côte d'Ivoire	Senegal	0.2582785568	0.8846369121
744	Guinea	Senegal	0.399663139	0.9660595837
742	Gambia	Senegal	0.2997473543	0.9590076633
745	Guinea-Bissau	Senegal	0.1998315695	0.9813431316
747	Mali	Senegal	0.3319130525	0.9653782151
748	Mauritania	Senegal	0.2319972678	0.955113729
985	Cameroon	Congo, Democratic Republic of the	0.3167255442	0.9605729248
983	Angola	Congo, Democratic Republic of the	0.1998315695	0.9467161777
986	Congo	Congo, Democratic Republic of the	0.2804990701	0.9755632871
2002	Belgium	Angola	0.1998315695	0.9453953817
2003	Belgium	Benin	0.1998315695	0.9453953817
2004	Belgium	Burundi	0.1998315695	0.9453953817
2005	Belgium	Cameroon	0.4166413289	0.9079194511
2006	Benin	Cameroon	0.2997473543	0.9763060126
2007	Belgium	Estonia	0.1998315695	0.8688591272
2009	Denmark	Estonia	0.1998315695	0.9082280809
2016	Greenland	Iceland	0.1998315695	0.9945444207
2022	Kenya	Rwanda	0.3697323384	0.905282387
2021	Gabon	Rwanda	0.09991578476	0.96885031
2018	Burundi	Rwanda	0.3697323384	0.9882791175
2028	Ghana	Sierra Leone	0.2582785568	0.9503407538
2032	Senegal	Sierra Leone	0.1998315695	0.9658199923
2029	Liberia	Sierra Leone	0.3903600398	0.9901636586
2027	Gambia	Sierra Leone	0.1998315695	0.9745536357
2105	Myanmar	Cambodia	0.09991578476	0.9913735136
56	Iran (Islamic Republic of)	Tajikistan	0.2582785568	0.8807443224
57	Kazakhstan	Tajikistan	0.2804990701	0.9204692941
58	Kyrgyzstan	Tajikistan	0.1998315695	0.9480211708
59	Russian Federation	Tajikistan	0.7153841634	0.9275051074
1013	Congo, Democratic Republic of the	Kenya	0.2997473543	0.9609064595
1015	Djibouti	Kenya	0.1998315695	0.920308463
1012	Congo	Kenya	0.1998315695	0.9060500176
1017	Eritrea	Kenya	0.09991578476	0.9466270529
1008	Burundi	Kenya	0.2997473543	0.9722398111
1011	Comoros	Kenya	0.2319972678	0.9577893261
1213	Cuba	Mexico	0.3697323384	0.8788697664
1215	El Salvador	Mexico	0.2582785568	0.8996298362
1206	Belize	Mexico	0.1998315695	0.9218062649
1218	Guatemala	Mexico	0.2582785568	0.9258764897
1887	Azerbaijan	Turkmenistan	0.1998315695	0.9190770121
1893	Turkey	Turkmenistan	0.1998315695	0.9520309781
1908	Russian Federation	Uzbekistan	0.7342539405	0.8505091961
2117	China	Lao People's Democratic Republic	0.3319130525	0.8715747614
2116	Cambodia	Lao People's Democratic Republic	0.3319130525	0.9775562233
2130	China	Kyrgyzstan	0.3319130525	0.8850011432
2131	Kazakhstan	Kyrgyzstan	0.2582785568	0.9731896235
2132	China	Macao	0.6518068123	0.8990397901
2133	Japan	Macao	0.3581943416	0.9175174138
2137	India	Maldives	0.3319130525	0.8885918953
2139	China	Mongolia	0.2997473543	0.8517570662
2140	Hong Kong	Mongolia	0.1998315695	0.9036932395
2142	Kyrgyzstan	Mongolia	0.09991578476	0.9625047553
2143	China	Korea (Democratic People's Republic of)	0.2582785568	0.9091582476
2144	Malaysia	Korea (Democratic People's Republic of)	0.09991578476	0.9279103722
2147	Japan	Northern Mariana Islands	0.2582785568	0.918808278
2146	Guam	Northern Mariana Islands	0.1998315695	0.9766824628
529	Egypt	Libya	0.4318288373	0.9061872098
531	Jordan	Libya	0.3581943416	0.9454390075
528	Algeria	Libya	0.1998315695	0.8943493069
2059	Burkina Faso	Ghana	0.09991578476	0.9452285345
2060	Côte d'Ivoire	Ghana	0.3903600398	0.9805436178
2074	Ghana	Nigeria	0.345651825	0.9145134396
2066	Chad	Nigeria	0.1998315695	0.9702053287
2067	Côte d'Ivoire	Nigeria	0.2997473543	0.903267734
2069	Equatorial Guinea	Nigeria	0.1583627721	0.9467293139
2072	Gabon	Nigeria	0.1583627721	0.9582594092
2081	Niger	Nigeria	0.09991578476	0.987974644
2111	Rwanda	Uganda	0.399663139	0.982571556
2115	Tanzania, United Republic of	Uganda	0.2997473543	0.9867634951
2112	Somalia	Uganda	0.09991578476	0.9677930226
2114	South Sudan	Uganda	0.1583627721	0.9825921442
2106	Burundi	Uganda	0.09991578476	0.9543220341
2165	Kenya	Tanzania, United Republic of	0.5040145971	0.9098968053
2172	Rwanda	Tanzania, United Republic of	0.1998315695	0.9584273748
2173	South Africa	Tanzania, United Republic of	0.1998315695	0.9033634031
2168	Mozambique	Tanzania, United Republic of	0.09991578476	0.950626708
2162	Comoros	Tanzania, United Republic of	0.09991578476	0.9352544265
2166	Malawi	Tanzania, United Republic of	0.09991578476	0.9427282137
2167	Mayotte	Tanzania, United Republic of	0.09991578476	0.9812317034
2187	Egypt	Eritrea	0.09991578476	0.9648992844
2188	Egypt	South Sudan	0.1998315695	0.882311197
2189	Ethiopia	South Sudan	0.1998315695	0.9309010177
2190	Kenya	South Sudan	0.1998315695	0.9251961148
2191	Rwanda	South Sudan	0.09991578476	0.9726523257
533	Benin	Mali	0.2582785568	0.9416278462
534	Burkina Faso	Mali	0.2582785568	0.9628134608
535	Côte d'Ivoire	Mali	0.2319972678	0.9441069805
538	Guinea	Mali	0.1998315695	0.9712860535
585	Burkina Faso	Niger	0.3903600398	0.9815741826
586	Chad	Niger	0.09991578476	0.9805454114
1025	Kenya	Mozambique	0.2997473543	0.9636672902
1023	Angola	Mozambique	0.09991578476	0.9526979674
1122	South Africa	Zimbabwe	0.4166413289	0.9527141813
1123	Tanzania, United Republic of	Zimbabwe	0.09991578476	0.9531304834
1116	Botswana	Zimbabwe	0.1998315695	0.9671318569
1124	Zambia	Zimbabwe	0.4388618422	0.9901304505
1119	Malawi	Zimbabwe	0.09991578476	0.9430385971
1120	Namibia	Zimbabwe	0.1998315695	0.9706636226
2051	Cameroon	Gabon	0.3167255442	0.9482492141
2053	Congo, Democratic Republic of the	Gabon	0.09991578476	0.9458502528
2050	Benin	Gabon	0.2582785568	0.9437042733
2052	Congo	Gabon	0.3581943416	0.9747341415
2055	Equatorial Guinea	Gabon	0.1583627721	0.9771793636
2093	Nigeria	Togo	0.1998315695	0.9435851008
2082	Benin	Togo	0.2319972678	0.9262802313
2084	Burkina Faso	Togo	0.1998315695	0.9455262381
2086	Côte d'Ivoire	Togo	0.2804990701	0.9470595794
2091	Guinea	Togo	0.09991578476	0.9355250062
2089	Gabon	Togo	0.09991578476	0.9667366256
2092	Mali	Togo	0.09991578476	0.945090757
2095	Congo, Democratic Republic of the	Zambia	0.2319972678	0.9698180857
2097	Kenya	Zambia	0.3903600398	0.8971413394
2100	South Africa	Zambia	0.3804148549	0.9536232314
2094	Botswana	Zambia	0.09991578476	0.9419149381
2098	Malawi	Zambia	0.345651825	0.9849441475
2099	Namibia	Zambia	0.1998315695	0.9737010794
2184	Djibouti	Somalia	0.3167255442	0.987233416
2186	Kenya	Somalia	0.3697323384	0.9538663816
2192	Ethiopia	Malawi	0.09991578476	0.9214175891
2193	Kenya	Malawi	0.2997473543	0.9708278418
1132	Dominican Republic	Puerto Rico	0.4166413289	0.9149250612
1135	Guadeloupe	Puerto Rico	0.1998315695	0.9647791529
1136	Martinique	Puerto Rico	0.1998315695	0.9685596821
1126	Anguilla	Puerto Rico	0.1998315695	0.984482295
1131	Dominica	Puerto Rico	0.2997473543	0.9796008359
1142	Puerto Rico	Virgin Islands (British)	0.4388618422	0.9794034492
1138	Anguilla	Virgin Islands (British)	0.09991578476	0.977572807
1140	Dominica	Virgin Islands (British)	0.4318288373	0.9808752165
1143	United States of America	Virgin Islands (British)	0.5280951105	0.9877853399
1161	Dominican Republic	Guadeloupe	0.2582785568	0.9282728909
1158	Antigua and Barbuda	Guadeloupe	0.1998315695	0.947084634
1160	Dominica	Guadeloupe	0.2582785568	0.9876622684
1229	Colombia	Panama	0.4318288373	0.8601669002
1239	Jamaica	Panama	0.2319972678	0.9148466327
1240	Mexico	Panama	0.399663139	0.8953108668
1230	Costa Rica	Panama	0.3804148549	0.8996489291
1233	Ecuador	Panama	0.2582785568	0.8930800266
1237	Haiti	Panama	0.1998315695	0.9312632251
1238	Honduras	Panama	0.1998315695	0.9387079446
1242	Nicaragua	Panama	0.1998315695	0.9580822322
1260	Mexico	Peru	0.2997473543	0.8808034113
1252	Chile	Peru	0.3804148549	0.9096718887
1249	Bolivia	Peru	0.399663139	0.9457465318
1257	Ecuador	Peru	0.345651825	0.9299129749
1263	Paraguay	Peru	0.09991578476	0.948581886
1291	Trinidad and Tobago	Venezuela (Bolivarian Republic of)	0.1998315695	0.9474858232
1273	Aruba	Venezuela (Bolivarian Republic of)	0.4455676098	0.9389021827
1286	Panama	Venezuela (Bolivarian Republic of)	0.3581943416	0.9319434871
1287	Peru	Venezuela (Bolivarian Republic of)	0.1998315695	0.9236655085
1292	United States of America	Venezuela (Bolivarian Republic of)	0.4166413289	0.9610511453
1996	Barbados	Martinique	0.09991578476	0.9373865574
2001	Guadeloupe	Martinique	0.3167255442	0.9890129314
2000	French Guiana	Martinique	0.1998315695	0.9942877591
2104	France	French Guiana	0.2582785568	0.8919231134
2103	Brazil	French Guiana	0.09991578476	0.9116722317
2150	France	Madagascar	0.2997473543	0.8715181544
2149	Comoros	Madagascar	0.09991578476	0.9845140437
2152	Comoros	Mayotte	0.2804990701	0.9894244315
2155	Madagascar	Mayotte	0.3581943416	0.9879570188
2160	Mauritius	Réunion	0.3804148549	0.9821208395
2156	Comoros	Réunion	0.09991578476	0.9559965135
2159	Madagascar	Réunion	0.3697323384	0.9824608583
2161	Mayotte	Réunion	0.1583627721	0.9919941829
2177	Côte d'Ivoire	Guinea	0.1998315695	0.9871558315
2181	Ghana	Liberia	0.3319130525	0.9861095528
2179	Côte d'Ivoire	Liberia	0.09991578476	0.9551631782
2196	Germany	Guernsey	0.1583627721	0.8674489618
2200	Ireland	Jersey	0.1998315695	0.9106652164
2199	Guernsey	Jersey	0.2804990701	0.991364094
2202	Guinea	Mauritania	0.09991578476	0.9887803852
2203	Mali	Mauritania	0.09991578476	0.990483816
1029	Ghana	Namibia	0.09991578476	0.9523982496
1026	Angola	Namibia	0.2582785568	0.9792819724
1027	Botswana	Namibia	0.09991578476	0.9826416893
1166	Canada	Jamaica	0.4455676098	0.8701669556
1165	Barbados	Jamaica	0.09991578476	0.9294940585
1167	Cayman Islands	Jamaica	0.1583627721	0.9741055287
1170	Guyana	Jamaica	0.09991578476	0.9744229853
2205	Kenya	Seychelles	0.09991578476	0.9149642032
2206	Mauritius	Seychelles	0.09991578476	0.9811198287
228	Armenia	Austria	0.2582785568	0.9855955048
226	Albania	Austria	0.09991578476	0.977134272
227	Algeria	Austria	0.09991578476	0.9176344631
991	Canada	Cuba	0.5802464244	0.8929889588
993	Colombia	Cuba	0.2582785568	0.92764567
990	Bahamas	Cuba	0.1998315695	0.9578986634
992	Cayman Islands	Cuba	0.09991578476	0.9568590477
1154	Colombia	Dominican Republic	0.2582785568	0.8870976662
1148	Antigua and Barbuda	Dominican Republic	0.2804990701	0.9327086961
1150	Aruba	Dominican Republic	0.1998315695	0.9314998371
1157	Martinique	Dominican Republic	0.09991578476	0.9420980284
1174	Antigua and Barbuda	Saint Lucia	0.1998315695	0.9505346032
1175	Barbados	Saint Lucia	0.1583627721	0.9603600747
1177	Grenada	Saint Lucia	0.2319972678	0.9855769807
1178	Martinique	Saint Lucia	0.3167255442	0.9902864769
1180	Barbados	Trinidad and Tobago	0.1583627721	0.9386346303
1186	Saint Lucia	Trinidad and Tobago	0.2997473543	0.9811782074
1185	Panama	Trinidad and Tobago	0.1998315695	0.9495274498
1182	Grenada	Trinidad and Tobago	0.2582785568	0.9797786097
1183	Guyana	Trinidad and Tobago	0.09991578476	0.965049985
1187	Suriname	Trinidad and Tobago	0.2582785568	0.9940889173
1197	Brazil	Colombia	0.2997473543	0.9019477032
1194	Argentina	Colombia	0.1998315695	0.9069481841
1195	Aruba	Colombia	0.1998315695	0.9609061867
1199	Chile	Colombia	0.1998315695	0.9455227972
1196	Bolivia	Colombia	0.09991578476	0.9329583548
1917	Canada	Cayman Islands	0.1998315695	0.9290680418
1916	Bahamas	Cayman Islands	0.09991578476	0.9809160939
1920	Dominican Republic	Turks and Caicos Islands	0.2582785568	0.9257777558
1918	Bahamas	Turks and Caicos Islands	0.2804990701	0.9722525999
1922	Jamaica	Turks and Caicos Islands	0.09991578476	0.9449197808
1921	Haiti	Turks and Caicos Islands	0.2582785568	0.9850078806
1923	Puerto Rico	Turks and Caicos Islands	0.09991578476	0.9344338543
1993	Canada	Grenada	0.1998315695	0.9290680418
1992	Barbados	Grenada	0.09991578476	0.982789287
1995	Canada	Guyana	0.1998315695	0.9290680418
1994	Barbados	Guyana	0.09991578476	0.982789287
2035	Colombia	El Salvador	0.2582785568	0.9476774339
2036	Costa Rica	El Salvador	0.1998315695	0.9579150783
2038	Ecuador	El Salvador	0.1998315695	0.9692736599
2033	Belize	El Salvador	0.09991578476	0.9635720419
2120	Canada	Costa Rica	0.2582785568	0.9342426257
2121	Colombia	Costa Rica	0.09991578476	0.9493692273
2123	Dominican Republic	Haiti	0.2319972678	0.9635442576
2124	Guadeloupe	Haiti	0.1998315695	0.9916918541
2125	Canada	Saint Pierre and Miquelon	0.2582785568	0.9521463018
2182	Denmark	Faroe Islands	0.1998315695	0.9622519696
2183	Denmark	Greenland	0.09991578476	0.9622519696
1203	Colombia	Ecuador	0.4455676098	0.9710378521
1202	Chile	Ecuador	0.1583627721	0.9481195985
1245	Brazil	Paraguay	0.3319130525	0.9158431774
1243	Argentina	Paraguay	0.2997473543	0.940442744
1246	Chile	Paraguay	0.1998315695	0.9485218533
1244	Bolivia	Paraguay	0.1998315695	0.9678031804
1247	Panama	Paraguay	0.09991578476	0.9345935349
1265	Brazil	Uruguay	0.4166413289	0.9038494795
1264	Argentina	Uruguay	0.4166413289	0.9382324478
1266	Chile	Uruguay	0.1998315695	0.9265444966
1269	Peru	Uruguay	0.09991578476	0.9404977849
1268	Paraguay	Uruguay	0.09991578476	0.9779001363
1271	United States of America	Uruguay	0.1998315695	0.9685051673
1374	Netherlands	Suriname	0.1998315695	0.9076603845
1370	Aruba	Suriname	0.09991578476	0.9609061867
1373	Guyana	Suriname	0.09991578476	0.987766659
1372	French Guiana	Suriname	0.09991578476	0.9938645653
2102	Brazil	Cabo Verde	0.09991578476	0.9745511827
982	Cameroon	Congo	0.3167255442	0.9720020807
980	Angola	Congo	0.09991578476	0.9255797595
981	Benin	Congo	0.3804148549	0.979197705
2049	Cameroon	Equatorial Guinea	0.3319130525	0.9820851316
2048	Benin	Equatorial Guinea	0.1998315695	0.9736548416
2118	Cameroon	Central African Republic	0.1998315695	0.9887798348
2119	Cameroon	Chad	0.2582785568	0.9887798348
2212	Ireland	Isle of Man	0.09991578476	0.9785233513
2210	Japan	Palau	0.2319972678	0.9447771993
2209	Guam	Palau	0.09991578476	0.9719562578
2211	Micronesia (Federated States of)	Palau	0.09991578476	0.9985233963
2213	Morocco	Western Sahara	0.2997473543	0.9715850722
2214	Spain	Western Sahara	0.2582785568	0.9640941788
1084	Portugal	Sao Tome and Principe	0.1583627721	0.9681630191
1082	Angola	Sao Tome and Principe	0.09991578476	0.9658562591
1083	Cabo Verde	Sao Tome and Principe	0.09991578476	0.9698531052
976	Angola	Brazil	0.1998315695	0.9473791643
977	Argentina	Brazil	0.5827977832	0.969370435
978	Barbados	Brazil	0.09991578476	0.937468592
979	Bolivia	Brazil	0.2319972678	0.9726097608
1188	Argentina	Bolivia	0.1998315695	0.983865816
2126	Cabo Verde	Gambia	0.09991578476	0.9914983333
2127	Cabo Verde	Guinea-Bissau	0.09991578476	0.9664215425
2129	Guinea	Guinea-Bissau	0.1998315695	0.992506244
2128	Gambia	Guinea-Bissau	0.09991578476	0.9864166306
2041	Costa Rica	Guatemala	0.2582785568	0.974020954
2042	El Salvador	Guatemala	0.1998315695	0.9756594356
2039	Belize	Guatemala	0.1998315695	0.9854261349
1144	Antigua and Barbuda	Barbados	0.1998315695	0.990883905
1145	Antigua and Barbuda	Dominica	0.09991578476	0.9640275128
1146	Barbados	Dominica	0.09991578476	0.9771180185
1171	Antigua and Barbuda	Saint Kitts and Nevis	0.2997473543	0.9788576024
1173	Puerto Rico	Saint Kitts and Nevis	0.2997473543	0.9872217395
1172	Virgin Islands (British)	Saint Kitts and Nevis	0.09991578476	0.9780210547
2045	Costa Rica	Honduras	0.3319130525	0.962697342
2046	El Salvador	Honduras	0.2582785568	0.9652336196
2043	Belize	Honduras	0.1998315695	0.9731202302
2044	Cayman Islands	Honduras	0.1998315695	0.9770925955
2047	Guatemala	Honduras	0.4166413289	0.9841496949
2174	Costa Rica	Nicaragua	0.2804990701	0.9816146249
2175	El Salvador	Nicaragua	0.1998315695	0.9813105703
2176	Guatemala	Nicaragua	0.09991578476	0.9728876146
2194	Fiji	Kiribati	0.2582785568	0.992678698
2208	Guam	Micronesia (Federated States of)	0.1998315695	0.9934405949
2148	Comoros	Djibouti	0.09991578476	0.996883504
1125	Anguilla	Antigua and Barbuda	0.09991578476	0.9986333091
862	Slovenia	Switzerland	0.1998315695	0.8596295748
1678	Finland	Hungary	0.2582785568	0.7764442993
1683	Bahrain	Iraq	0.1998315695	0.8828092977
1714	Georgia	Israel	0.2582785568	0.8550726381
1760	Greece	Luxembourg	0.2997473543	0.8019758838
1798	Latvia	Norway	0.4318288373	0.8253150576
1876	North Macedonia	Sweden	0.2582785568	0.8465338513
1881	Poland	Sweden	0.4696481232	0.7121228076
1885	Serbia	Sweden	0.3581943416	0.8147640498
1965	Qatar	Sudan	0.1998315695	0.8787530121
1886	Spain	Sweden	0.608233627	0.7379546719