	src	trg	nij	score
6	Georgia	Azerbaijan	0.1109039882	0.8734470721
12	Kazakhstan	Azerbaijan	0.2218079764	0.8967834175
15	Russian Federation	Azerbaijan	0.4871255197	0.7436529716
17	Turkmenistan	Azerbaijan	0.1109039882	0.9579765605
22	Afghanistan	India	0.3113468572	0.8865521009
26	Bangladesh	India	0.3975866389	0.802145119
28	Bhutan	India	0.1757786625	0.9711181621
46	Maldives	India	0.2575110861	0.8481255143
47	Mauritius	India	0.2866826507	0.8347995993
48	Nepal	India	0.3327119646	0.8755545411
50	Oman	India	0.4945687516	0.805768657
59	Sri Lanka	India	0.4945687516	0.7970994536
71	Afghanistan	Iran (Islamic Republic of)	0.2575110861	0.9437721094
84	Kuwait	Iran (Islamic Republic of)	0.3684150743	0.859756708
81	Iraq	Iran (Islamic Republic of)	0.2218079764	0.857122849
94	Tajikistan	Iran (Islamic Republic of)	0.1757786625	0.8894683321
169	Bosnia and Herzegovina	Turkey	0.2218079764	0.8835638865
255	Afghanistan	United Arab Emirates	0.3113468572	0.8069501673
343	Yemen	United Arab Emirates	0.3975866389	0.7566584059
319	Seychelles	United Arab Emirates	0.2218079764	0.9010249828
327	Sudan	United Arab Emirates	0.3684150743	0.8293117501
415	Bosnia and Herzegovina	Germany	0.2218079764	0.8169050281
457	North Macedonia	Germany	0.2575110861	0.7914117544
544	Albania	Italy	0.5273359875	0.9125040585
592	Moldova, Republic of	Italy	0.3975866389	0.8617283959
633	Montenegro	Slovenia	0.1109039882	0.9567422553
658	Cabo Verde	United Kingdom of Great Britain and Northern Ireland	0.351557325	0.7530312363
687	Jersey	United Kingdom of Great Britain and Northern Ireland	0.5150221721	0.8493674419
722	Slovakia	United Kingdom of Great Britain and Northern Ireland	0.2866826507	0.7833611009
651	Barbados	United Kingdom of Great Britain and Northern Ireland	0.2575110861	0.828033723
673	Gibraltar	United Kingdom of Great Britain and Northern Ireland	0.2866826507	0.9286803535
675	Guernsey	United Kingdom of Great Britain and Northern Ireland	0.3836647634	0.8897218456
682	Isle of Man	United Kingdom of Great Britain and Northern Ireland	0.3684150743	0.9286803535
793	Uganda	Belgium	0.2218079764	0.8503005515
743	Burkina Faso	Belgium	0.2218079764	0.8516153752
744	Cameroon	Belgium	0.351557325	0.8009221932
747	Congo, Democratic Republic of the	Belgium	0.2218079764	0.8371938626
768	Liberia	Belgium	0.1757786625	0.8773469149
790	Togo	Belgium	0.1757786625	0.8795663907
826	Cuba	Canada	0.538769467	0.8690121896
847	Mexico	Canada	0.5441937367	0.7607754455
843	Jamaica	Canada	0.3975866389	0.9010886632
836	Guyana	Canada	0.1109039882	0.9446749476
860	Saint Pierre and Miquelon	Canada	0.1757786625	0.9719494999
868	Turks and Caicos Islands	Canada	0.1757786625	0.8330640409
924	Taiwan	China	0.8403670774	0.7097161398
880	Myanmar	China	0.3327119646	0.8138793741
900	Lao People's Democratic Republic	China	0.2575110861	0.7940540609
901	Macao	China	0.61258505	0.8528113907
906	Mongolia	China	0.2218079764	0.8909141949
910	Korea (Democratic People's Republic of)	China	0.1757786625	0.9548894001
911	Northern Mariana Islands	China	0.1757786625	0.8599980302
974	Kuwait	Egypt	0.4436159528	0.7970664601
997	Yemen	Egypt	0.2866826507	0.8560175355
976	Libya	Egypt	0.3684150743	0.8729156091
987	Sudan	Egypt	0.1757786625	0.8536218027
985	South Sudan	Egypt	0.1109039882	0.9001312753
998	Algeria	France	0.672753484	0.7585588331
1070	Niger	France	0.1757786625	0.8350259362
1034	French Guiana	France	0.1757786625	0.903517447
1081	Réunion	France	0.2575110861	0.8128213281
1119	Iraq	Jordan	0.3113468572	0.8865018848
1142	Yemen	Jordan	0.2575110861	0.9001028255
1124	Libya	Jordan	0.2866826507	0.8991860598
1213	Libya	Malta	0.1757786625	0.8722083334
1300	Luxembourg	Portugal	0.3113468572	0.81711005
1285	Angola	Portugal	0.1757786625	0.8572996995
1290	Cabo Verde	Portugal	0.3327119646	0.9128114679
1414	Kazakhstan	Russian Federation	0.5820160911	0.7487927126
1452	Uzbekistan	Russian Federation	0.7050778725	0.8490797866
1387	Azerbaijan	Russian Federation	0.4871255197	0.7464866793
1443	Tajikistan	Russian Federation	0.682031482	0.8795587642
1415	Kyrgyzstan	Russian Federation	0.6290945932	0.8855102437
1388	Belarus	Russian Federation	0.3975866389	0.7878392227
1423	Moldova, Republic of	Russian Federation	0.2575110861	0.816056497
1385	Armenia	Russian Federation	0.5273359875	0.8922763258
1425	Montenegro	Russian Federation	0.3113468572	0.8112501614
1563	Mauritania	Spain	0.1757786625	0.8532873308
1593	Western Sahara	Spain	0.1757786625	0.8873523298
1548	Gambia	Spain	0.2218079764	0.8762261767
1695	Bermuda	United States of America	0.3836647634	0.8830634296
1730	Jamaica	United States of America	0.5941738843	0.8243057854
1688	Aruba	United States of America	0.4871255197	0.8227910567
1691	Bahamas	United States of America	0.6842692896	0.8716230384
1701	Cayman Islands	United States of America	0.4436159528	0.8885300317
1705	Costa Rica	United States of America	0.5733653014	0.758373117
1717	Grenada	United States of America	0.2218079764	0.8019907223
1721	Guyana	United States of America	0.1109039882	0.8540842463
1764	Trinidad and Tobago	United States of America	0.3836647634	0.748779916
1766	Turks and Caicos Islands	United States of America	0.4222508454	0.8101619666
1710	El Salvador	United States of America	0.538769467	0.7883253194
1694	Belize	United States of America	0.3684150743	0.860662011
1698	Virgin Islands (British)	United States of America	0.4793190625	0.840908021
1720	Guatemala	United States of America	0.4533159307	0.7889066673
1722	Haiti	United States of America	0.4103935229	0.8276091576
1723	Honduras	United States of America	0.4711121029	0.7635091684
1741	Nicaragua	United States of America	0.2866826507	0.8177849344
1750	Puerto Rico	United States of America	0.6352492225	0.7722617522
2022	Suriname	Netherlands	0.1109039882	0.9070581305
2412	Georgia	Belarus	0.1757786625	0.9451570043
2424	Russian Federation	Belarus	0.3975866389	0.7870538891
2485	Russian Federation	Kazakhstan	0.5688579432	0.7406208793
2493	Uzbekistan	Kazakhstan	0.2218079764	0.9150923272
2473	Azerbaijan	Kazakhstan	0.2218079764	0.8966767438
2487	Tajikistan	Kazakhstan	0.2218079764	0.9348521805
2482	Kyrgyzstan	Kazakhstan	0.1757786625	0.928387732
2545	Georgia	Ukraine	0.3113468572	0.900707496
2706	Taiwan	Japan	0.6751239072	0.7636838052
2689	Macao	Japan	0.2866826507	0.8056720841
2696	Northern Mariana Islands	Japan	0.1757786625	0.9089050452
2684	Guam	Japan	0.4711121029	0.9318179747
2694	New Caledonia	Japan	0.1109039882	0.8636722432
2697	Palau	Japan	0.1757786625	0.9359378109
2949	Myanmar	Thailand	0.3975866389	0.8984978724
2950	Cambodia	Thailand	0.3327119646	0.7999493923
2969	Lao People's Democratic Republic	Thailand	0.3684150743	0.9048352822
3062	Austria	Armenia	0.1757786625	0.8327779576
3072	Russian Federation	Armenia	0.5273359875	0.8918541918
3087	Cyprus	Bulgaria	0.2218079764	0.8339752762
3138	Bulgaria	Cyprus	0.2218079764	0.8329768812
3175	Faroe Islands	Denmark	0.1109039882	0.9534568319
3219	Estonia	Finland	0.1757786625	0.8625502563
3266	Ukraine	Georgia	0.3113468572	0.8985893824
3250	Azerbaijan	Georgia	0.1109039882	0.8724597671
3251	Belarus	Georgia	0.1757786625	0.94424813
3257	Israel	Georgia	0.1757786625	0.8420661773
3363	Georgia	Israel	0.1757786625	0.8465685336
3460	Portugal	Luxembourg	0.3113468572	0.8101779607
3500	Russian Federation	Montenegro	0.3113468572	0.8105423024
3501	Serbia	Montenegro	0.2218079764	0.9355734005
3502	Slovenia	Montenegro	0.1109039882	0.9567422553
3513	Estonia	Norway	0.2866826507	0.8788136482
3520	Iceland	Norway	0.2575110861	0.8369265459
3524	Lithuania	Norway	0.3327119646	0.7929341055
3514	Faroe Islands	Norway	0.1109039882	0.9562902173
3559	Moldova, Republic of	Romania	0.1757786625	0.9223836023
3574	Bosnia and Herzegovina	Serbia	0.1757786625	0.9614274961
3587	Montenegro	Serbia	0.2218079764	0.9362061917
3626	Iraq	Sweden	0.3113468572	0.792603699
3633	North Macedonia	Sweden	0.1757786625	0.8900613355
3618	Estonia	Sweden	0.2218079764	0.8317874959
126	Afghanistan	Pakistan	0.2218079764	0.9354208
127	Bahrain	Pakistan	0.2866826507	0.8682643553
136	Kuwait	Pakistan	0.2866826507	0.8243448379
140	Oman	Pakistan	0.4222508454	0.9051234787
142	Saudi Arabia	Pakistan	0.5902230507	0.8075386348
154	Iran (Islamic Republic of)	Tajikistan	0.1757786625	0.8946367375
155	Kazakhstan	Tajikistan	0.1757786625	0.9211684596
157	Russian Federation	Tajikistan	0.6842692896	0.8822779923
156	Kyrgyzstan	Tajikistan	0.1109039882	0.9422846633
347	Armenia	Austria	0.1757786625	0.8329782673
1326	Bahrain	Qatar	0.3684150743	0.8411357266
1345	Iraq	Qatar	0.2575110861	0.8123498573
1481	Pakistan	Saudi Arabia	0.5861721853	0.8028226021
1496	Yemen	Saudi Arabia	0.4436159528	0.877202423
1489	Sudan	Saudi Arabia	0.3327119646	0.8967432488
1870	Kenya	Ethiopia	0.2866826507	0.8230365171
1850	Angola	Ethiopia	0.1109039882	0.9002433291
1859	Djibouti	Ethiopia	0.2575110861	0.9619364628
1877	Nigeria	Ethiopia	0.1757786625	0.8627504035
1885	Sudan	Ethiopia	0.1109039882	0.8901448768
1874	Mali	Ethiopia	0.1109039882	0.9062379115
1884	South Sudan	Ethiopia	0.1109039882	0.9523508959
1861	Equatorial Guinea	Ethiopia	0.1109039882	0.9493606575
1880	Rwanda	Ethiopia	0.1109039882	0.8870119982
1887	Tanzania, United Republic of	Ethiopia	0.2218079764	0.9450063533
1897	Zimbabwe	Ethiopia	0.1109039882	0.896203046
1911	Ethiopia	Kenya	0.2866826507	0.8269949577
1908	Djibouti	Kenya	0.1109039882	0.8768105763
1927	Somalia	Kenya	0.2866826507	0.9697322542
1936	Uganda	Kenya	0.1757786625	0.9100730124
1906	Congo, Democratic Republic of the	Kenya	0.2218079764	0.921476089
1930	South Sudan	Kenya	0.1109039882	0.9313198743
1940	Zambia	Kenya	0.2866826507	0.9162528614
1924	Rwanda	Kenya	0.3327119646	0.9434807154
1933	Tanzania, United Republic of	Kenya	0.4436159528	0.9596339309
1941	Zimbabwe	Kenya	0.1757786625	0.9041773491
1901	Burundi	Kenya	0.2866826507	0.9719500066
1904	Comoros	Kenya	0.2218079764	0.9788884827
1917	Malawi	Kenya	0.2218079764	0.9588530493
1920	Mozambique	Kenya	0.2218079764	0.9588530493
2059	Mauritius	South Africa	0.2575110861	0.8958197499
2039	Angola	South Africa	0.1757786625	0.8966192648
2069	Seychelles	South Africa	0.1109039882	0.9377373668
2045	Congo, Democratic Republic of the	South Africa	0.1757786625	0.889925113
2080	Zambia	South Africa	0.3113468572	0.9130506643
2081	Zimbabwe	South Africa	0.351557325	0.9447341639
2058	Malawi	South Africa	0.1757786625	0.9418657966
2060	Mozambique	South Africa	0.4332897485	0.9760013128
2041	Botswana	South Africa	0.351557325	0.9790869817
2061	Namibia	South Africa	0.351557325	0.9663410505
2636	Mongolia	Hong Kong	0.1109039882	0.9008464224
2656	Australia	Indonesia	0.5212975111	0.8223991669
2663	Malaysia	Indonesia	0.61258505	0.836310716
2668	Singapore	Indonesia	0.6603441174	0.828639085
2657	Brunei	Indonesia	0.2218079764	0.9462286142
2724	Indonesia	Malaysia	0.61258505	0.8356360478
2716	Brunei	Malaysia	0.3113468572	0.9344187647
2765	South Africa	Mauritius	0.2575110861	0.8965916752
2757	India	Mauritius	0.2866826507	0.8345162174
2760	Madagascar	Mauritius	0.1109039882	0.9557321213
2762	Réunion	Mauritius	0.3113468572	0.9881678978
2776	Australia	New Zealand	0.6950116206	0.9167230147
2780	Fiji	New Zealand	0.3113468572	0.9623674435
2791	Tonga	New Zealand	0.1109039882	0.9851937415
2793	Vanuatu	New Zealand	0.1109039882	0.9463446794
2784	New Caledonia	New Zealand	0.1109039882	0.9633908867
2787	Samoa	New Zealand	0.1757786625	0.9925693658
2820	Korea, Republic of	Philippines	0.5212975111	0.7733756534
2821	Taiwan	Philippines	0.351557325	0.7848728896
2813	Macao	Philippines	0.2575110861	0.8937214443
2805	Brunei	Philippines	0.1109039882	0.8861595932
2809	Guam	Philippines	0.1109039882	0.8687611699
2816	Papua New Guinea	Philippines	0.1109039882	0.9444358882
2844	Indonesia	Singapore	0.6629041821	0.828644513
2834	Myanmar	Singapore	0.2866826507	0.8811924751
2835	Cambodia	Singapore	0.351557325	0.8355501724
2903	Philippines	Korea, Republic of	0.5273359875	0.7755906487
2877	Cambodia	Korea, Republic of	0.3327119646	0.8291770032
2895	Macao	Korea, Republic of	0.2866826507	0.8368679742
2897	Mongolia	Korea, Republic of	0.1109039882	0.8861443329
2901	Northern Mariana Islands	Korea, Republic of	0.1109039882	0.8825022699
2885	Guam	Korea, Republic of	0.2218079764	0.8834859852
2902	Palau	Korea, Republic of	0.1109039882	0.9170296042
2924	China	Taiwan	0.8403670774	0.7102783591
2931	Japan	Taiwan	0.672753484	0.7667933923
2936	Philippines	Taiwan	0.351557325	0.7853222409
2942	Viet Nam	Taiwan	0.4103935229	0.8117625248
2932	Macao	Taiwan	0.3327119646	0.9074190825
2935	Palau	Taiwan	0.1109039882	0.9465627826
3024	Taiwan	Viet Nam	0.4103935229	0.8111756075
3008	Cambodia	Viet Nam	0.4222508454	0.9190616705
3016	Lao People's Democratic Republic	Viet Nam	0.2866826507	0.9400143601
3676	Kazakhstan	Uzbekistan	0.2218079764	0.9159451625
3680	Russian Federation	Uzbekistan	0.70311465	0.8482296911
3677	Kyrgyzstan	Uzbekistan	0.1109039882	0.9229107949
3737	Maldives	Sri Lanka	0.4103935229	0.9678337258
3731	India	Sri Lanka	0.5084906271	0.8033085838
3743	Seychelles	Sri Lanka	0.1109039882	0.9635186618
3783	China	Myanmar	0.3327119646	0.8136818414
3789	Singapore	Myanmar	0.2866826507	0.8810199006
3792	Thailand	Myanmar	0.3975866389	0.8983070754
3794	Bangladesh	Nepal	0.2218079764	0.9509407201
3798	India	Nepal	0.3327119646	0.8740731541
4074	Nepal	Bangladesh	0.2218079764	0.950201577
4075	Oman	Bangladesh	0.2218079764	0.8840691485
4070	India	Bangladesh	0.3975866389	0.797104774
4142	Indonesia	Australia	0.5212975111	0.8245594772
4148	New Zealand	Australia	0.6654239292	0.9298760043
4138	Fiji	Australia	0.3836647634	0.9208398246
4154	Solomon Islands	Australia	0.1109039882	0.9316155469
4162	Vanuatu	Australia	0.3113468572	0.9493106857
4147	New Caledonia	Australia	0.2218079764	0.9518129573
4150	Papua New Guinea	Australia	0.351557325	0.9743518598
4137	East Timor	Australia	0.1109039882	0.9804424569
4149	Norfolk Island	Australia	0.1109039882	0.9804424569
4170	Singapore	Cambodia	0.3327119646	0.8270180556
4171	Korea, Republic of	Cambodia	0.3327119646	0.8292942102
4173	Thailand	Cambodia	0.3327119646	0.7998448748
4174	Viet Nam	Cambodia	0.4222508454	0.9191701802
4167	Lao People's Democratic Republic	Cambodia	0.2575110861	0.9687205214
4188	China	Lao People's Democratic Republic	0.2575110861	0.7938378788
4192	Thailand	Lao People's Democratic Republic	0.3684150743	0.9046557995
4193	Viet Nam	Lao People's Democratic Republic	0.2866826507	0.9400143601
4187	Cambodia	Lao People's Democratic Republic	0.2575110861	0.9686774448
4255	Kazakhstan	Kyrgyzstan	0.1757786625	0.9293382731
4257	Russian Federation	Kyrgyzstan	0.6226937143	0.8844042567
4261	Uzbekistan	Kyrgyzstan	0.1109039882	0.9231561083
4258	Tajikistan	Kyrgyzstan	0.1109039882	0.9410970647
4262	China	Macao	0.61258505	0.8526518207
4263	Japan	Macao	0.2866826507	0.8083031156
4267	Korea, Republic of	Macao	0.2866826507	0.8367709136
4268	Taiwan	Macao	0.3327119646	0.9071151279
4265	Philippines	Macao	0.2575110861	0.8936112565
4280	Sri Lanka	Maldives	0.3836647634	0.9656072668
4274	India	Maldives	0.2575110861	0.8489733659
4285	China	Mongolia	0.2218079764	0.8907934982
4286	Hong Kong	Mongolia	0.1109039882	0.8998491118
4290	Korea, Republic of	Mongolia	0.1109039882	0.8860747724
4292	China	Korea (Democratic People's Republic of)	0.1757786625	0.9548377974
4295	China	Northern Mariana Islands	0.1757786625	0.859845662
4297	Japan	Northern Mariana Islands	0.1757786625	0.9102078958
4298	Korea, Republic of	Northern Mariana Islands	0.1109039882	0.8824306231
4296	Guam	Northern Mariana Islands	0.1109039882	0.9855019434
3602	Czechia	Slovakia	0.2218079764	0.9322613252
3605	Italy	Slovakia	0.2218079764	0.7970718616
3608	United Kingdom of Great Britain and Northern Ireland	Slovakia	0.2866826507	0.7885051715
947	Nigeria	Côte d'Ivoire	0.2218079764	0.9381998689
941	Ghana	Côte d'Ivoire	0.3327119646	0.9792252796
937	Burkina Faso	Côte d'Ivoire	0.3327119646	0.9817020767
948	Senegal	Côte d'Ivoire	0.1757786625	0.9162644574
950	Togo	Côte d'Ivoire	0.1109039882	0.9655015966
945	Mali	Côte d'Ivoire	0.1757786625	0.9666720535
936	Benin	Côte d'Ivoire	0.3327119646	0.971712666
942	Guinea	Côte d'Ivoire	0.1109039882	0.9685179561
1156	Iraq	Lebanon	0.2575110861	0.9195869536
1189	Ethiopia	Mali	0.1109039882	0.91383261
1187	Burkina Faso	Mali	0.1757786625	0.9829907837
1188	Côte d'Ivoire	Mali	0.1109039882	0.9517830591
1197	Senegal	Mali	0.2575110861	0.971143689
1186	Benin	Mali	0.1757786625	0.97369558
1191	Guinea	Mali	0.1109039882	0.9844240008
1252	Libya	Morocco	0.2575110861	0.8649835719
1255	Mauritania	Morocco	0.1757786625	0.9540455088
1274	Western Sahara	Morocco	0.2218079764	0.9722861677
1280	France	Niger	0.1757786625	0.8401625559
1277	Burkina Faso	Niger	0.3113468572	0.9955281642
1502	Cabo Verde	Senegal	0.1109039882	0.9158892795
1506	Ghana	Senegal	0.1757786625	0.9472384461
1515	Sierra Leone	Senegal	0.1109039882	0.9394727969
1503	Côte d'Ivoire	Senegal	0.1757786625	0.9169722519
1510	Mali	Senegal	0.2575110861	0.9689376
1499	Benin	Senegal	0.1109039882	0.8891122354
1507	Guinea	Senegal	0.3327119646	0.9855641477
1511	Mauritania	Senegal	0.1757786625	0.9784240883
1505	Gambia	Senegal	0.2218079764	0.9819876876
1508	Guinea-Bissau	Senegal	0.1109039882	0.9855641477
1667	Libya	Tunisia	0.4945687516	0.9479298202
1773	Argentina	Brazil	0.5331548336	0.9195979467
1778	Chile	Brazil	0.2866826507	0.8765139815
1791	Peru	Brazil	0.3684150743	0.8770213841
1775	Bolivia	Brazil	0.1109039882	0.8687046962
1789	Panama	Brazil	0.3113468572	0.8412800287
1790	Paraguay	Brazil	0.2575110861	0.9548143729
1803	Uruguay	Brazil	0.351557325	0.9621590904
1807	Cameroon	Congo	0.2575110861	0.9610842118
1808	Congo, Democratic Republic of the	Congo	0.2218079764	0.9769635309
1806	Benin	Congo	0.3113468572	0.976940451
1811	Gabon	Congo	0.2866826507	0.9888130547
1831	Canada	Cuba	0.5273359875	0.8637692054
1833	Colombia	Cuba	0.1757786625	0.8667783878
1841	Mexico	Cuba	0.2575110861	0.8719647001
1830	Bahamas	Cuba	0.1109039882	0.9296753439
1849	Venezuela (Bolivarian Republic of)	Cuba	0.1757786625	0.9129246599
2096	Dominican Republic	Antigua and Barbuda	0.2218079764	0.927118601
2093	Barbados	Antigua and Barbuda	0.1109039882	0.9784297842
2102	Saint Lucia	Antigua and Barbuda	0.1109039882	0.9520819919
2098	Guadeloupe	Antigua and Barbuda	0.1109039882	0.9563903237
2101	Saint Kitts and Nevis	Antigua and Barbuda	0.2218079764	0.9908135963
2153	Antigua and Barbuda	Dominican Republic	0.1757786625	0.9018656693
2155	Aruba	Dominican Republic	0.1109039882	0.880592425
2176	Turks and Caicos Islands	Dominican Republic	0.1757786625	0.9277856291
2164	Guadeloupe	Dominican Republic	0.1757786625	0.914639319
2168	Martinique	Dominican Republic	0.1109039882	0.8894466065
2165	Haiti	Dominican Republic	0.1757786625	0.9365843628
2170	Panama	Dominican Republic	0.2218079764	0.8238481925
2172	Puerto Rico	Dominican Republic	0.351557325	0.9332518451
2183	Dominican Republic	Guadeloupe	0.1757786625	0.9181345245
2180	Antigua and Barbuda	Guadeloupe	0.1109039882	0.9548951219
2186	Martinique	Guadeloupe	0.2218079764	0.9836277799
2185	Haiti	Guadeloupe	0.1109039882	0.9711373796
2187	Puerto Rico	Guadeloupe	0.1109039882	0.9400950433
2182	Dominica	Guadeloupe	0.1757786625	0.9904949313
2242	Brazil	Chile	0.2866826507	0.8809080914
2239	Argentina	Chile	0.351557325	0.9486732889
2250	New Zealand	Chile	0.1109039882	0.8742325257
2253	Peru	Chile	0.3113468572	0.9377080438
2241	Bolivia	Chile	0.1757786625	0.9639006502
2252	Paraguay	Chile	0.1109039882	0.956458387
2256	Uruguay	Chile	0.1109039882	0.9505547226
2316	United States of America	Mexico	0.9457312093	0.6606870075
2296	Canada	Mexico	0.5273359875	0.7685777589
2299	Colombia	Mexico	0.2866826507	0.8547147365
2301	Cuba	Mexico	0.3327119646	0.9076732087
2300	Costa Rica	Mexico	0.1757786625	0.8707340698
2312	Peru	Mexico	0.2218079764	0.8347663289
2303	El Salvador	Mexico	0.1757786625	0.8940679642
2294	Belize	Mexico	0.1109039882	0.9261328954
2306	Guatemala	Mexico	0.1757786625	0.910378219
2311	Panama	Mexico	0.3327119646	0.874844421
2358	Brazil	Peru	0.3684150743	0.8766229276
2361	Colombia	Peru	0.2218079764	0.873198497
2368	Mexico	Peru	0.2218079764	0.8264121549
2356	Argentina	Peru	0.2218079764	0.8944667931
2360	Chile	Peru	0.3113468572	0.9351215823
2357	Bolivia	Peru	0.3327119646	0.9744144553
2365	Ecuador	Peru	0.2575110861	0.9510390342
2460	Slovakia	Czechia	0.2575110861	0.9375491735
3041	France	Algeria	0.672753484	0.7567487829
3439	Norway	Lithuania	0.3327119646	0.7924438811
3427	Estonia	Lithuania	0.1757786625	0.9226158993
3829	Saint Lucia	Martinique	0.2575110861	0.9848893472
3826	French Guiana	Martinique	0.1109039882	0.993151987
3827	Guadeloupe	Martinique	0.2575110861	0.9862687024
3828	Puerto Rico	Martinique	0.1109039882	0.9514826608
3876	Belgium	Cameroon	0.351557325	0.7946096133
3881	Congo, Democratic Republic of the	Cameroon	0.2575110861	0.9685800061
3877	Benin	Cameroon	0.2218079764	0.9492487944
3880	Congo	Cameroon	0.2218079764	0.9528392
3886	Gabon	Cameroon	0.2218079764	0.9771422092
3883	Equatorial Guinea	Cameroon	0.2575110861	0.9853254875
3878	Central African Republic	Cameroon	0.1109039882	0.9935709999
3879	Chad	Cameroon	0.1757786625	0.9895359747
3920	Norway	Iceland	0.2866826507	0.8499809439
3918	Greenland	Iceland	0.1109039882	0.9948547936
4028	Ethiopia	Nigeria	0.1757786625	0.8625333256
4032	Ghana	Nigeria	0.2575110861	0.9660008984
4025	Côte d'Ivoire	Nigeria	0.2218079764	0.9378097049
4048	Togo	Nigeria	0.1109039882	0.9562161724
4022	Benin	Nigeria	0.1757786625	0.9330627463
4030	Gabon	Nigeria	0.1109039882	0.9524192517
4024	Chad	Nigeria	0.1109039882	0.9825807797
4086	Brazil	Argentina	0.538769467	0.9188834845
4087	Chile	Argentina	0.3684150743	0.9480986266
4099	Peru	Argentina	0.2218079764	0.8928307242
4085	Bolivia	Argentina	0.1109039882	0.9294683441
4098	Paraguay	Argentina	0.2218079764	0.9724602666
4103	Uruguay	Argentina	0.351557325	0.9801317623
4126	United Kingdom of Great Britain and Northern Ireland	Cabo Verde	0.351557325	0.7580171324
4122	Portugal	Cabo Verde	0.351557325	0.9193125422
4124	Senegal	Cabo Verde	0.1109039882	0.9198236298
4129	France	French Guiana	0.1757786625	0.9027340237
4130	Martinique	French Guiana	0.1109039882	0.9928999903
4311	Mauritius	Madagascar	0.1109039882	0.9572494154
4313	Réunion	Madagascar	0.2866826507	0.9918262377
4312	Mayotte	Madagascar	0.3113468572	0.9940135164
4318	Kenya	Mayotte	0.1757786625	0.9435984421
4319	Madagascar	Mayotte	0.2575110861	0.9919778601
4316	Comoros	Mayotte	0.1109039882	0.9946460419
4323	France	Réunion	0.2575110861	0.7847025653
4326	Mauritius	Réunion	0.3113468572	0.9861587749
4325	Madagascar	Réunion	0.3113468572	0.9908713649
4327	Mayotte	Réunion	0.1109039882	0.9850146551
4360	Ghana	Liberia	0.2575110861	0.9911729036
4363	Sierra Leone	Liberia	0.3327119646	0.9950256725
3304	Georgia	Iraq	0.1109039882	0.8724549943
3306	Iran (Islamic Republic of)	Iraq	0.2218079764	0.8615608396
3311	Qatar	Iraq	0.2575110861	0.817880122
3307	Jordan	Iraq	0.2866826507	0.8809810949
3309	Lebanon	Iraq	0.2575110861	0.9205225957
3312	Sweden	Iraq	0.3113468572	0.7942578239
107	Iran (Islamic Republic of)	Kuwait	0.3684150743	0.8634200123
101	Bahrain	Kuwait	0.2218079764	0.8299763843
103	Egypt	Kuwait	0.4436159528	0.7985714047
115	Pakistan	Kuwait	0.2866826507	0.8243632375
125	Yemen	Kuwait	0.1757786625	0.867288861
2265	Cuba	Colombia	0.1757786625	0.8700806921
2272	Mexico	Colombia	0.2866826507	0.8460253084
2259	Aruba	Colombia	0.1109039882	0.9049012495
2274	Peru	Colombia	0.2218079764	0.8721375914
2278	Venezuela (Bolivarian Republic of)	Colombia	0.2575110861	0.9190460507
2267	Ecuador	Colombia	0.3836647634	0.9625066207
2268	El Salvador	Colombia	0.1757786625	0.9186217313
2273	Panama	Colombia	0.3684150743	0.9125584111
3030	Italy	Albania	0.5273359875	0.9137214698
3078	Germany	Bosnia and Herzegovina	0.2218079764	0.8157298256
3084	Turkey	Bosnia and Herzegovina	0.2218079764	0.8817243526
3080	Serbia	Bosnia and Herzegovina	0.1757786625	0.9610398491
3470	Germany	North Macedonia	0.2575110861	0.7900918265
3475	Sweden	North Macedonia	0.1757786625	0.8901099996
3486	Italy	Moldova, Republic of	0.3975866389	0.8636019095
3490	Russian Federation	Moldova, Republic of	0.2575110861	0.8153648256
3489	Romania	Moldova, Republic of	0.1757786625	0.9222416106
3702	Bangladesh	Oman	0.2575110861	0.9001607965
3716	Pakistan	Oman	0.4103935229	0.9016322712
3707	India	Oman	0.4871255197	0.7996456595
3908	Sweden	Estonia	0.2218079764	0.83185966
3896	Finland	Estonia	0.1757786625	0.8634850167
3904	Norway	Estonia	0.2866826507	0.8785129653
3902	Lithuania	Estonia	0.1757786625	0.9226158993
4438	United Kingdom of Great Britain and Northern Ireland	Guernsey	0.3836647634	0.8772780212
4436	Jersey	Guernsey	0.1757786625	0.9893050236
4445	United Kingdom of Great Britain and Northern Ireland	Jersey	0.5150221721	0.8477246194
4441	Guernsey	Jersey	0.2218079764	0.9923330252
3652	Iran (Islamic Republic of)	Afghanistan	0.2575110861	0.9478601718
3656	United Arab Emirates	Afghanistan	0.3113468572	0.8161186423
3654	Pakistan	Afghanistan	0.2218079764	0.9384295363
3651	India	Afghanistan	0.3113468572	0.8907039084
4378	Qatar	Bahrain	0.3975866389	0.8537074027
4373	Kuwait	Bahrain	0.2218079764	0.8277208488
4376	Pakistan	Bahrain	0.2866826507	0.8664939976
1174	Egypt	Libya	0.3684150743	0.8716277189
1176	Jordan	Libya	0.2866826507	0.899906219
1177	Malta	Libya	0.2218079764	0.8922276477
1178	Morocco	Libya	0.2575110861	0.8648327007
1181	Tunisia	Libya	0.4871255197	0.9459122808
3760	United Arab Emirates	Sudan	0.3684150743	0.8427521793
3750	Egypt	Sudan	0.1757786625	0.8657543946
3752	Ethiopia	Sudan	0.1109039882	0.9016187389
3757	Saudi Arabia	Sudan	0.3327119646	0.9065380371
3758	South Sudan	Sudan	0.1109039882	0.9850800225
3777	United Arab Emirates	Yemen	0.3836647634	0.7596593786
3764	Egypt	Yemen	0.2575110861	0.8486553177
3768	Jordan	Yemen	0.2575110861	0.9067001834
3773	Saudi Arabia	Yemen	0.4332897485	0.8819200937
3763	Djibouti	Yemen	0.1757786625	0.9712404386
3765	Eritrea	Yemen	0.1109039882	0.9950012811
3657	Azerbaijan	Turkmenistan	0.1109039882	0.9583291372
3926	Belgium	Rwanda	0.2575110861	0.8164155887
3931	Kenya	Rwanda	0.2575110861	0.9117101221
3938	Uganda	Rwanda	0.2575110861	0.9813241263
3936	Tanzania, United Republic of	Rwanda	0.1109039882	0.9528071766
3927	Burundi	Rwanda	0.2866826507	0.9916905206
4331	Ethiopia	Tanzania, United Republic of	0.1757786625	0.9292297285
4332	Kenya	Tanzania, United Republic of	0.4533159307	0.9583918347
4342	Uganda	Tanzania, United Republic of	0.2218079764	0.9824313866
4339	Rwanda	Tanzania, United Republic of	0.1109039882	0.9593958789
3836	Belgium	Angola	0.2218079764	0.8593860502
3841	Ethiopia	Angola	0.1109039882	0.9115503757
3851	South Africa	Angola	0.1757786625	0.9055171406
3849	Portugal	Angola	0.1757786625	0.8685805507
3847	Namibia	Angola	0.1757786625	0.9886056579
4401	United Arab Emirates	Somalia	0.2575110861	0.8271565538
4399	Kenya	Somalia	0.3113468572	0.9582341698
4402	Yemen	Somalia	0.1109039882	0.9565259958
4397	Djibouti	Somalia	0.2575110861	0.9907836375
4459	United Arab Emirates	Seychelles	0.2218079764	0.9011766785
4457	South Africa	Seychelles	0.1109039882	0.9375615109
4458	Sri Lanka	Seychelles	0.1109039882	0.9628175873
2134	Antigua and Barbuda	Barbados	0.1109039882	0.9711978109
2142	Saint Lucia	Barbados	0.1109039882	0.972575916
2144	Trinidad and Tobago	Barbados	0.1109039882	0.9739392071
2202	United States of America	Jamaica	0.5902230507	0.8280740259
2192	Canada	Jamaica	0.3684150743	0.8978861678
2198	Panama	Jamaica	0.1109039882	0.8912004128
2207	Antigua and Barbuda	Saint Lucia	0.1109039882	0.9555208059
2210	Grenada	Saint Lucia	0.1109039882	0.9819867197
2213	Trinidad and Tobago	Saint Lucia	0.2218079764	0.9796570933
2211	Martinique	Saint Lucia	0.2218079764	0.9838581825
3940	Belgium	Sierra Leone	0.1757786625	0.8385398359
3943	Ghana	Sierra Leone	0.1757786625	0.9817241707
3944	Liberia	Sierra Leone	0.3113468572	0.9940992039
3947	Senegal	Sierra Leone	0.1109039882	0.9377050665
3942	Gambia	Sierra Leone	0.1109039882	0.9877033861
4011	Nigeria	Ghana	0.2866826507	0.967661466
4014	Sierra Leone	Ghana	0.1757786625	0.9809468022
4002	Côte d'Ivoire	Ghana	0.3113468572	0.97639253
4008	Liberia	Ghana	0.2575110861	0.9897828496
4013	Senegal	Ghana	0.1757786625	0.943424876
4017	Togo	Ghana	0.1109039882	0.9768841337
4177	Ethiopia	Uganda	0.1109039882	0.9090447376
4178	Kenya	Uganda	0.1757786625	0.9140600346
4183	South Sudan	Uganda	0.1109039882	0.986251756
4180	Rwanda	Uganda	0.3836647634	0.9902304993
4184	Tanzania, United Republic of	Uganda	0.2218079764	0.9840900451
4222	United States of America	Bermuda	0.3836647634	0.8824039648
4469	United Kingdom of Great Britain and Northern Ireland	Isle of Man	0.3684150743	0.9278687924
4479	United Kingdom of Great Britain and Northern Ireland	Gibraltar	0.2866826507	0.9278687924
2587	Australia	East Timor	0.1109039882	0.9800749726
2590	Australia	Fiji	0.3836647634	0.9259701476
2594	New Zealand	Fiji	0.1757786625	0.9505197629
2592	Kiribati	Fiji	0.1757786625	0.9940770078
2597	Solomon Islands	Fiji	0.1109039882	0.9870266455
2599	Tonga	Fiji	0.1109039882	0.9927415323
2602	Vanuatu	Fiji	0.1109039882	0.9734315238
2770	Australia	New Caledonia	0.2218079764	0.950920859
2772	Japan	New Caledonia	0.1109039882	0.8655764625
2773	New Zealand	New Caledonia	0.1109039882	0.9700292034
2774	Vanuatu	New Caledonia	0.1109039882	0.9898633825
2794	Australia	Norfolk Island	0.1109039882	0.9800749726
2795	Australia	Papua New Guinea	0.351557325	0.9738714438
2800	Philippines	Papua New Guinea	0.1109039882	0.9443767359
2827	Australia	Samoa	0.1109039882	0.9605430358
2829	New Zealand	Samoa	0.1109039882	0.9879029136
2871	Australia	Solomon Islands	0.1109039882	0.9303628699
2872	Fiji	Solomon Islands	0.1109039882	0.9858350432
2874	Vanuatu	Solomon Islands	0.1757786625	0.9954017163
3001	Australia	Vanuatu	0.3113468572	0.9483734875
3004	New Zealand	Vanuatu	0.1109039882	0.9560047163
3002	Fiji	Vanuatu	0.1109039882	0.9710094286
3005	Solomon Islands	Vanuatu	0.1757786625	0.9954017163
3003	New Caledonia	Vanuatu	0.1109039882	0.9898633825
799	Belgium	Burkina Faso	0.2218079764	0.8483281527
801	Côte d'Ivoire	Burkina Faso	0.3327119646	0.981801096
809	Togo	Burkina Faso	0.1109039882	0.9809699597
805	Mali	Burkina Faso	0.1757786625	0.9816205157
807	Niger	Burkina Faso	0.3327119646	0.9955507601
3869	Nigeria	Benin	0.1757786625	0.9349980149
3858	Cameroon	Benin	0.2218079764	0.9506832474
3860	Côte d'Ivoire	Benin	0.1757786625	0.9483393266
3870	Senegal	Benin	0.1109039882	0.8906714215
3871	Togo	Benin	0.1109039882	0.9711143811
3866	Mali	Benin	0.1757786625	0.9720971116
3859	Congo	Benin	0.3113468572	0.9765330713
3864	Gabon	Benin	0.1757786625	0.9800661191
3861	Equatorial Guinea	Benin	0.1109039882	0.9765899613
3872	Belgium	Burundi	0.2218079764	0.913837175
3873	Kenya	Burundi	0.1109039882	0.9209626876
3874	Rwanda	Burundi	0.3113468572	0.9930298065
4409	Egypt	South Sudan	0.1109039882	0.9197103905
4411	Ethiopia	South Sudan	0.1109039882	0.9627595374
4412	Kenya	South Sudan	0.1109039882	0.9448826586
4414	Sudan	South Sudan	0.1109039882	0.9869573426
1820	Ethiopia	Congo, Democratic Republic of the	0.1109039882	0.8993655244
1823	Kenya	Congo, Democratic Republic of the	0.2218079764	0.9238742121
1825	South Africa	Congo, Democratic Republic of the	0.1757786625	0.8925478688
1816	Angola	Congo, Democratic Republic of the	0.2218079764	0.9835791792
1818	Cameroon	Congo, Democratic Republic of the	0.2218079764	0.9656235548
1819	Congo	Congo, Democratic Republic of the	0.1757786625	0.9713225136
1827	Zambia	Congo, Democratic Republic of the	0.1109039882	0.952261156
2084	Ethiopia	Zimbabwe	0.2218079764	0.9372308024
2085	Kenya	Zimbabwe	0.1757786625	0.8848909848
2089	South Africa	Zimbabwe	0.351557325	0.9328877546
2091	Zambia	Zimbabwe	0.3684150743	0.9821541127
2083	Botswana	Zimbabwe	0.1109039882	0.9844192596
2087	Namibia	Zimbabwe	0.1109039882	0.974881964
3982	Ethiopia	Equatorial Guinea	0.1109039882	0.9507552688
3985	Nigeria	Equatorial Guinea	0.1109039882	0.965508533
3981	Cameroon	Equatorial Guinea	0.2575110861	0.9857477096
3980	Benin	Equatorial Guinea	0.1109039882	0.9765899613
4301	Ethiopia	Djibouti	0.2575110861	0.9744996683
4303	Kenya	Djibouti	0.1109039882	0.914259648
4307	Yemen	Djibouti	0.1109039882	0.9673001881
4304	Somalia	Djibouti	0.2218079764	0.9951456218
2579	Malaysia	Brunei	0.3113468572	0.9343618227
2578	Indonesia	Brunei	0.2218079764	0.9459464912
2580	Philippines	Brunei	0.1109039882	0.8860420372
2606	Japan	Guam	0.4711121029	0.9328046574
2611	Korea, Republic of	Guam	0.2218079764	0.883414901
2610	Philippines	Guam	0.1109039882	0.868626899
2608	Northern Mariana Islands	Guam	0.1109039882	0.9855019434
2607	Micronesia (Federated States of)	Guam	0.1109039882	0.9971792002
4463	Japan	Palau	0.1109039882	0.9171176087
4466	Korea, Republic of	Palau	0.1109039882	0.930051074
4467	Taiwan	Palau	0.1109039882	0.954935231
1944	Kenya	Mozambique	0.2218079764	0.9590079169
1946	South Africa	Mozambique	0.4332897485	0.9759321881
4108	Kenya	Zambia	0.351557325	0.9378745195
4111	South Africa	Zambia	0.3113468572	0.9209304191
4106	Congo, Democratic Republic of the	Zambia	0.1757786625	0.9717383332
4113	Zimbabwe	Zambia	0.3836647634	0.9872649297
4109	Malawi	Zambia	0.2575110861	0.9899921923
4110	Namibia	Zambia	0.1109039882	0.9736449068
4423	Kenya	Malawi	0.2218079764	0.957221579
4424	South Africa	Malawi	0.1757786625	0.9391841418
4426	Zambia	Malawi	0.2866826507	0.989603768
2282	Colombia	Ecuador	0.3836647634	0.9592774567
2281	Chile	Ecuador	0.1109039882	0.904784371
2288	Peru	Ecuador	0.2866826507	0.9517103653
2284	El Salvador	Ecuador	0.1109039882	0.9389668005
2287	Panama	Ecuador	0.1757786625	0.9141182247
2322	Brazil	Panama	0.3113468572	0.8370723648
2325	Colombia	Panama	0.3684150743	0.9112016254
2328	Dominican Republic	Panama	0.2218079764	0.8269158856
2336	Mexico	Panama	0.3327119646	0.8652628241
2335	Jamaica	Panama	0.1757786625	0.9263120507
2326	Costa Rica	Panama	0.3113468572	0.9422452375
2343	Trinidad and Tobago	Panama	0.1109039882	0.8896510601
2347	Venezuela (Bolivarian Republic of)	Panama	0.2866826507	0.9266251691
2329	Ecuador	Panama	0.1757786625	0.919549055
2330	El Salvador	Panama	0.1109039882	0.873417035
2333	Haiti	Panama	0.1109039882	0.9212011921
2334	Honduras	Panama	0.1109039882	0.8745222064
2338	Nicaragua	Panama	0.1109039882	0.9409033928
2573	Netherlands	Suriname	0.1109039882	0.9065892062
2574	Trinidad and Tobago	Suriname	0.1757786625	0.9943384606
4209	United States of America	Aruba	0.4871255197	0.8069892621
4204	Colombia	Aruba	0.1109039882	0.8965909105
4205	Dominican Republic	Aruba	0.1109039882	0.8745252714
4210	Venezuela (Bolivarian Republic of)	Aruba	0.3836647634	0.9800941134
1952	South Africa	Namibia	0.351557325	0.9662445761
1948	Angola	Namibia	0.1757786625	0.9874449256
1953	Zambia	Namibia	0.1109039882	0.9708554984
1954	Zimbabwe	Namibia	0.1109039882	0.9793352772
4472	South Africa	Botswana	0.351557325	0.9790266505
4474	Zimbabwe	Botswana	0.1109039882	0.9871926196
2121	United States of America	Puerto Rico	0.6352492225	0.7564071613
2112	Dominican Republic	Puerto Rico	0.351557325	0.9309592095
2115	Guadeloupe	Puerto Rico	0.1109039882	0.9353555118
2116	Martinique	Puerto Rico	0.1109039882	0.9461730506
2108	Virgin Islands (British)	Puerto Rico	0.2866826507	0.9798925639
2119	Saint Kitts and Nevis	Puerto Rico	0.2218079764	0.9862660412
2106	Anguilla	Puerto Rico	0.1109039882	0.9944836883
2111	Dominica	Puerto Rico	0.2218079764	0.9873988801
2130	United States of America	Virgin Islands (British)	0.4711121029	0.8042836915
2128	Puerto Rico	Virgin Islands (British)	0.3113468572	0.9788476459
2125	Dominica	Virgin Islands (British)	0.1109039882	0.9853962533
2203	Antigua and Barbuda	Saint Kitts and Nevis	0.2218079764	0.9892988084
2205	Puerto Rico	Saint Kitts and Nevis	0.2218079764	0.985704922
2228	United States of America	Trinidad and Tobago	0.3836647634	0.7474647178
2216	Antigua and Barbuda	Trinidad and Tobago	0.1109039882	0.95249781
2224	Saint Lucia	Trinidad and Tobago	0.2218079764	0.977116187
2220	Grenada	Trinidad and Tobago	0.1757786625	0.9878079675
2229	Venezuela (Bolivarian Republic of)	Trinidad and Tobago	0.1109039882	0.9285297081
2223	Panama	Trinidad and Tobago	0.1109039882	0.8913184007
2226	Suriname	Trinidad and Tobago	0.1757786625	0.9943384606
2231	Brazil	Bolivia	0.1757786625	0.9090913627
2230	Argentina	Bolivia	0.1109039882	0.9258511191
2232	Chile	Bolivia	0.1757786625	0.9597813308
2236	Peru	Bolivia	0.3327119646	0.9726350326
2235	Paraguay	Bolivia	0.1109039882	0.9796830708
2350	Brazil	Paraguay	0.2575110861	0.9542659117
2348	Argentina	Paraguay	0.2218079764	0.9726591722
2351	Chile	Paraguay	0.1109039882	0.9542360192
2349	Bolivia	Paraguay	0.1109039882	0.9808404825
2377	Brazil	Uruguay	0.351557325	0.9616980323
2376	Argentina	Uruguay	0.351557325	0.9802758146
2378	Chile	Uruguay	0.1109039882	0.9480390341
2388	Colombia	Venezuela (Bolivarian Republic of)	0.2575110861	0.9190460507
2389	Cuba	Venezuela (Bolivarian Republic of)	0.1757786625	0.9151350893
2385	Aruba	Venezuela (Bolivarian Republic of)	0.3836647634	0.9817583681
2403	Trinidad and Tobago	Venezuela (Bolivarian Republic of)	0.1109039882	0.9285297081
2398	Panama	Venezuela (Bolivarian Republic of)	0.2866826507	0.9277552005
3693	United States of America	Cayman Islands	0.4533159307	0.8715385208
3692	Jamaica	Cayman Islands	0.1109039882	0.9747072414
3691	Honduras	Cayman Islands	0.1109039882	0.9721123071
3700	United States of America	Turks and Caicos Islands	0.4222508454	0.8120288996
3696	Dominican Republic	Turks and Caicos Islands	0.1757786625	0.9313353252
3694	Bahamas	Turks and Caicos Islands	0.2218079764	0.985319608
3697	Haiti	Turks and Caicos Islands	0.1757786625	0.9847259441
3813	United States of America	Grenada	0.2218079764	0.7823404516
3810	Saint Lucia	Grenada	0.1757786625	0.9858307102
3812	Trinidad and Tobago	Grenada	0.1757786625	0.9865395825
3820	United States of America	Guyana	0.1109039882	0.8532740873
3816	Canada	Guyana	0.1109039882	0.9450108362
3961	United States of America	El Salvador	0.5331548336	0.778207924
3951	Colombia	El Salvador	0.1757786625	0.91577136
3957	Mexico	El Salvador	0.1757786625	0.8837181439
3952	Costa Rica	El Salvador	0.1109039882	0.927357674
3954	Ecuador	El Salvador	0.1109039882	0.9417637137
3955	Guatemala	El Salvador	0.1757786625	0.9682235736
3956	Honduras	El Salvador	0.1757786625	0.9625776965
3958	Nicaragua	El Salvador	0.1109039882	0.9728790156
3971	United States of America	Guatemala	0.4533159307	0.7918562559
3967	Mexico	Guatemala	0.1757786625	0.9067939424
3964	Costa Rica	Guatemala	0.2218079764	0.9705938016
3962	Belize	Guatemala	0.1109039882	0.9793147656
3966	Honduras	Guatemala	0.3684150743	0.9856949528
3979	United States of America	Honduras	0.4711121029	0.7669312637
3973	Cayman Islands	Honduras	0.1109039882	0.9768606693
3974	Costa Rica	Honduras	0.2575110861	0.9701157614
3975	El Salvador	Honduras	0.1757786625	0.9646631315
3972	Belize	Honduras	0.1109039882	0.9756342613
3976	Guatemala	Honduras	0.3327119646	0.984184526
3978	Panama	Honduras	0.1109039882	0.8789853804
4219	United States of America	Bahamas	0.6842692896	0.8709034786
4211	Canada	Bahamas	0.2218079764	0.8587096429
4213	Cuba	Bahamas	0.1109039882	0.9314757851
4217	Turks and Caicos Islands	Bahamas	0.1757786625	0.981199015
4234	United States of America	Costa Rica	0.5642199189	0.7616708706
4229	Mexico	Costa Rica	0.1757786625	0.8676637979
4226	El Salvador	Costa Rica	0.1109039882	0.932336591
4227	Guatemala	Costa Rica	0.1109039882	0.9429321918
4228	Honduras	Costa Rica	0.2575110861	0.970559354
4230	Nicaragua	Costa Rica	0.2218079764	0.9843441759
4231	Panama	Costa Rica	0.3113468572	0.9451861355
4241	United States of America	Haiti	0.4103935229	0.8371657447
4236	Dominican Republic	Haiti	0.1109039882	0.910594421
4240	Turks and Caicos Islands	Haiti	0.1757786625	0.985484675
4238	Guadeloupe	Haiti	0.1109039882	0.9727938601
4239	Panama	Haiti	0.1109039882	0.9273421469
4349	United States of America	Nicaragua	0.2866826507	0.8273434752
4345	Costa Rica	Nicaragua	0.1757786625	0.9808133405
4346	El Salvador	Nicaragua	0.1109039882	0.9754528421
4348	Panama	Nicaragua	0.1109039882	0.9453869992
4421	United States of America	Belize	0.3684150743	0.8598856134
4420	Mexico	Belize	0.1109039882	0.9215342367
4418	Guatemala	Belize	0.1109039882	0.9788659349
4419	Honduras	Belize	0.1109039882	0.9750870055
4428	Fiji	Kiribati	0.1757786625	0.9935308728
3779	India	Bhutan	0.1757786625	0.9707566184
4408	Yemen	Eritrea	0.1109039882	0.9947553717
4242	Canada	Saint Pierre and Miquelon	0.1757786625	0.9721221735
4248	Spain	Gambia	0.2218079764	0.8763556078
4247	Sierra Leone	Gambia	0.1109039882	0.9882376018
4246	Senegal	Gambia	0.2218079764	0.9822532257
4451	Spain	Mauritania	0.1757786625	0.8703000513
4449	Morocco	Mauritania	0.1757786625	0.9601704645
4450	Senegal	Mauritania	0.1109039882	0.9705733293
4476	Spain	Western Sahara	0.1757786625	0.887470824
4475	Morocco	Western Sahara	0.2218079764	0.9726903776
4387	Denmark	Faroe Islands	0.1109039882	0.9530352246
4388	Norway	Faroe Islands	0.1109039882	0.9561772825
2038	Portugal	Sao Tome and Principe	0.1109039882	0.9774035685
4065	Nigeria	Togo	0.1109039882	0.9617898156
4055	Burkina Faso	Togo	0.1109039882	0.9832211702
4057	Côte d'Ivoire	Togo	0.2575110861	0.9868449881
4053	Benin	Togo	0.1757786625	0.9835487328
4200	Nigeria	Chad	0.1109039882	0.9830969173
4196	Cameroon	Chad	0.1757786625	0.9898376708
4390	Iceland	Greenland	0.1109039882	0.9949269276
3988	Cameroon	Gabon	0.2575110861	0.979994709
3987	Benin	Gabon	0.1757786625	0.9791804092
3989	Congo	Gabon	0.2866826507	0.9881060342
3992	Equatorial Guinea	Gabon	0.1109039882	0.9890698161
4194	Cameroon	Central African Republic	0.1109039882	0.9937567242
4350	Côte d'Ivoire	Guinea	0.1109039882	0.9692483208
4356	Senegal	Guinea	0.3327119646	0.9857773399
4353	Mali	Guinea	0.1109039882	0.9834720181
4352	Guinea-Bissau	Guinea	0.1109039882	0.9966977286
4253	Senegal	Guinea-Bissau	0.1109039882	0.9857773399
4251	Guinea	Guinea-Bissau	0.1109039882	0.9966977286
3000	New Zealand	Tonga	0.1109039882	0.9879029136
2999	Fiji	Tonga	0.1109039882	0.9920727481
2150	Guadeloupe	Dominica	0.1757786625	0.9904163191
2149	Virgin Islands (British)	Dominica	0.1109039882	0.988075536
2151	Puerto Rico	Dominica	0.2218079764	0.9882494494
2133	Puerto Rico	Anguilla	0.1109039882	0.9948572741
4460	Guam	Micronesia (Federated States of)	0.1109039882	0.9971792002
4394	Mayotte	Comoros	0.2575110861	0.9983119234
