,src,trg,nij,score,region,weeks_since_100_cases
0,Bhutan,India,0.17577866248809984,0.971263663872048,Asia,142
1,Afghanistan,Iran (Islamic Republic of),0.25751108605227985,0.9440514655392606,Asia,10
2,Afghanistan,Pakistan,0.22180797641347444,0.9357402761402585,Asia,10
3,Seychelles,United Arab Emirates,0.22180797641347444,0.9015059571865975,Africa,142
4,Albania,Italy,0.5273359874642995,0.912931804621281,Europe,9
5,French Guiana,France,0.17577866248809984,0.9039869209232694,Americas,142
6,Tunisia,Libya,0.4871255196561021,0.9461812983506888,Africa,9
7,Mauritania,Morocco,0.17577866248809984,0.9542750244296979,Africa,17
8,Western Sahara,Morocco,0.22180797641347444,0.9724258675930394,Africa,23
9,Cabo Verde,Portugal,0.33271196462021163,0.9132377793623229,Africa,14
10,Libya,Tunisia,0.4945687516421019,0.9481890702871097,Africa,18
11,Gibraltar,United Kingdom of Great Britain and Northern Ireland,0.28668265069483706,0.9290319522406242,Europe,11
12,Guernsey,United Kingdom of Great Britain and Northern Ireland,0.3836647634353647,0.8902545772541537,Europe,11
13,Isle of Man,United Kingdom of Great Britain and Northern Ireland,0.3684150742590171,0.9290319522406243,Europe,11
14,Argentina,Brazil,0.5331548335814766,0.919992463382934,Americas,8
15,Paraguay,Brazil,0.25751108605227985,0.9550401368781128,Americas,11
16,Uruguay,Brazil,0.3515573249761997,0.9623488643434087,Americas,9
17,Angola,"Congo, Democratic Republic of the",0.22180797641347444,0.9836624247869099,Africa,20
18,Cameroon,"Congo, Democratic Republic of the",0.22180797641347444,0.9657962571174242,Africa,10
19,Congo,"Congo, Democratic Republic of the",0.17577866248809984,0.9714670008052511,Africa,12
20,Djibouti,Ethiopia,0.25751108605227985,0.9621273315933836,Africa,11
21,South Sudan,Ethiopia,0.11090398820673722,0.9525886698481594,Africa,16
22,"Tanzania, United Republic of",Ethiopia,0.22180797641347444,0.9452797499611965,Africa,13
23,Angola,Namibia,0.17577866248809984,0.9875086971347883,Africa,20
24,South Africa,Namibia,0.3515573249761997,0.9664142118246518,Africa,8
25,Zambia,Namibia,0.11090398820673722,0.9710023039844076,Africa,14
26,Zimbabwe,Namibia,0.11090398820673722,0.9794398143385428,Africa,18
27,Botswana,South Africa,0.3515573249761997,0.9791927617060495,Africa,23
28,Malawi,South Africa,0.17577866248809984,0.9421543419630253,Africa,18
29,Mozambique,South Africa,0.4332897485403797,0.9761225121297665,Africa,16
30,Namibia,South Africa,0.3515573249761997,0.9665102096355138,Africa,23
31,Zimbabwe,South Africa,0.3515573249761997,0.9450088754630536,Africa,18
32,Anguilla,Netherlands Antilles,0.11090398820673722,0.9851667863248468,Americas,142
33,Aruba,Netherlands Antilles,0.17577866248809984,0.9430391606525713,Americas,15
34,Dominica,Netherlands Antilles,0.22180797641347444,0.9756974410877639,Americas,142
35,Venezuela (Bolivarian Republic of),Netherlands Antilles,0.28668265069483706,0.9332865236621752,Americas,9
36,Virgin Islands (British),Netherlands Antilles,0.22180797641347444,0.9579685816612772,Americas,142
37,Anguilla,Puerto Rico,0.11090398820673722,0.9910003374064386,Americas,142
38,Dominica,Puerto Rico,0.22180797641347444,0.985227348309495,Americas,142
39,Dominican Republic,Puerto Rico,0.3515573249761997,0.9401037089487141,Americas,9
40,Martinique,Puerto Rico,0.11090398820673722,0.955797305701027,Americas,142
41,Virgin Islands (British),Puerto Rico,0.28668265069483706,0.9801047735177475,Americas,142
42,Antigua and Barbuda,Barbados,0.11090398820673722,0.9713429172707606,Americas,142
43,Saint Lucia,Barbados,0.11090398820673722,0.9727141754612791,Americas,142
44,Trinidad and Tobago,Barbados,0.11090398820673722,0.970864004801827,Americas,11
45,Guyana,Canada,0.11090398820673722,0.9449499452052235,Americas,16
46,Saint Pierre and Miquelon,Canada,0.17577866248809984,0.9720908728580013,Americas,142
47,Puerto Rico,Dominican Republic,0.3515573249761997,0.9281559718829758,Americas,10
48,Antigua and Barbuda,Guadeloupe,0.11090398820673722,0.9551204917321976,Americas,142
49,Dominica,Guadeloupe,0.17577866248809984,0.986446139605673,Americas,142
50,Haiti,Guadeloupe,0.11090398820673722,0.971282785920126,Americas,15
51,Martinique,Guadeloupe,0.22180797641347444,0.983710781182559,Americas,142
52,Antigua and Barbuda,Saint Kitts and Nevis,0.22180797641347444,0.9893532139166674,Americas,142
53,Puerto Rico,Saint Kitts and Nevis,0.22180797641347444,0.984581629912209,Americas,10
54,Antigua and Barbuda,Saint Lucia,0.11090398820673722,0.9557431202206091,Americas,142
55,Grenada,Saint Lucia,0.11090398820673722,0.9820779653459666,Americas,142
56,Martinique,Saint Lucia,0.22180797641347444,0.9839400251328343,Americas,142
57,Trinidad and Tobago,Saint Lucia,0.22180797641347444,0.9772488312864391,Americas,11
58,Grenada,Trinidad and Tobago,0.17577866248809984,0.9878699063032531,Americas,142
59,Saint Lucia,Trinidad and Tobago,0.22180797641347444,0.9772318207939662,Americas,142
60,Suriname,Trinidad and Tobago,0.17577866248809984,0.9943673167374227,Americas,20
61,Bahamas,United States of America,0.6842692895964113,0.8710620247898232,Americas,18
62,Belize,United States of America,0.3684150742590171,0.860056678708173,Americas,142
63,Bermuda,United States of America,0.3836647634353647,0.8825492736364529,Americas,14
64,Cayman Islands,United States of America,0.4436159528269489,0.8880384826342768,Americas,17
65,Chile,Bolivia,0.17577866248809984,0.9599827860781485,Americas,8
66,Paraguay,Bolivia,0.11090398820673722,0.9797858665266983,Americas,11
67,Peru,Bolivia,0.33271196462021163,0.97277299815478,Americas,8
68,Argentina,Chile,0.3515573249761997,0.9489289344008792,Americas,8
69,Bolivia,Chile,0.17577866248809984,0.9640818499921336,Americas,10
70,Paraguay,Chile,0.11090398820673722,0.9566761189249606,Americas,11
71,Peru,Chile,0.3113468571680022,0.9380165672225337,Americas,8
72,Ecuador,Colombia,0.3836647634353647,0.962694684864405,Americas,8
73,Costa Rica,Panama,0.3113468571680022,0.9425319553259148,Americas,9
74,Argentina,Paraguay,0.22180797641347444,0.972797017711497,Americas,8
75,Bolivia,Paraguay,0.11090398820673722,0.9809374785175647,Americas,10
76,Brazil,Paraguay,0.25751108605227985,0.9544943521714104,Americas,8
77,Chile,Paraguay,0.11090398820673722,0.9544646055851997,Americas,8
78,Bolivia,Peru,0.33271196462021163,0.9745435653709063,Americas,10
79,Chile,Peru,0.3113468571680022,0.9354424892934546,Americas,8
80,Ecuador,Peru,0.25751108605227985,0.951283191053497,Americas,8
81,Argentina,Uruguay,0.3515573249761997,0.9803756409860662,Americas,8
82,Brazil,Uruguay,0.3515573249761997,0.9618900735312212,Americas,8
83,Aruba,Venezuela (Bolivarian Republic of),0.3836647634353647,0.9792274873420757,Americas,15
84,Panama,Venezuela (Bolivarian Republic of),0.28668265069483706,0.92601418344581,Americas,8
85,Slovakia,Czechia,0.25751108605227985,0.9378584585691333,Europe,8
86,Armenia,Russian Federation,0.5273359874642995,0.8927974172671711,Asia,8
87,Kyrgyzstan,Russian Federation,0.629094593229604,0.8860620940375795,Asia,10
88,Tajikistan,Russian Federation,0.6820314820159634,0.8801374775065866,Asia,15
89,Korea (Democratic People's Republic of),China,0.17577866248809984,0.9551147978891025,Asia,142
90,Australia,East Timor,0.11090398820673722,0.9801758053214303,Oceania,7
91,Australia,Fiji,0.3836647634353647,0.926334597022928,Oceania,7
92,Kiribati,Fiji,0.17577866248809984,0.9941071926111245,Oceania,142
93,New Zealand,Fiji,0.17577866248809984,0.9442625873841316,Oceania,9
94,Solomon Islands,Fiji,0.11090398820673722,0.9870925278156032,Oceania,142
95,Tonga,Fiji,0.11090398820673722,0.9927784983535464,Oceania,142
96,Vanuatu,Fiji,0.11090398820673722,0.9735655275274587,Oceania,142
97,Brunei,Indonesia,0.22180797641347444,0.9464961016920228,Asia,9
98,Guam,Japan,0.4711121028540219,0.9315373900744779,Oceania,11
99,Palau,Japan,0.17577866248809984,0.9356736157843961,Oceania,142
100,Brunei,Malaysia,0.3113468571680022,0.9347430307893787,Asia,9
101,Australia,New Caledonia,0.22180797641347444,0.9511655904352444,Oceania,7
102,New Zealand,New Caledonia,0.11090398820673722,0.9661963974787918,Oceania,9
103,Vanuatu,New Caledonia,0.11090398820673722,0.9899149322058168,Oceania,142
104,Australia,New Zealand,0.6950116206033671,0.9112774373123183,Oceania,7
105,Cook Islands,New Zealand,0.17577866248809984,0.9821369169176746,Oceania,142
106,Fiji,New Zealand,0.3113468571680022,0.9598440763648344,Oceania,142
107,French Polynesia,New Zealand,0.22180797641347444,0.9732400399742647,Oceania,142
108,New Caledonia,New Zealand,0.11090398820673722,0.9609347781013271,Oceania,142
109,Tonga,New Zealand,0.11090398820673722,0.9841886085863,Oceania,142
110,Australia,Norfolk Island,0.11090398820673722,0.9801758053214303,Oceania,7
111,Australia,Papua New Guinea,0.3515573249761997,0.9740032578853484,Oceania,7
112,Australia,Samoa,0.11090398820673722,0.9607407521292229,Oceania,7
113,New Zealand,Samoa,0.11090398820673722,0.9863400321544659,Oceania,9
114,Fiji,Solomon Islands,0.11090398820673722,0.9859069339259537,Oceania,142
115,Vanuatu,Solomon Islands,0.17577866248809984,0.9954251656061004,Oceania,142
116,Palau,Taiwan,0.11090398820673722,0.9468286531548479,Oceania,142
117,Lao People's Democratic Republic,Thailand,0.3684150742590171,0.9052986626679825,Asia,142
118,Myanmar,Thailand,0.3975866389015743,0.8989904749528248,Asia,13
119,Australia,Vanuatu,0.3113468571680022,0.9486305868603037,Oceania,7
120,Fiji,Vanuatu,0.11090398820673722,0.9711554701068265,Oceania,142
121,New Caledonia,Vanuatu,0.11090398820673722,0.9899149322058168,Oceania,142
122,Solomon Islands,Vanuatu,0.17577866248809984,0.9954251656061004,Oceania,142
123,Cambodia,Viet Nam,0.4222508453747394,0.9194587081482721,Asia,10
124,Lao People's Democratic Republic,Viet Nam,0.28668265069483706,0.9403118124902778,Asia,142
125,Russian Federation,Armenia,0.5273359874642995,0.8923772091744021,Europe,8
126,Turkmenistan,Azerbaijan,0.11090398820673722,0.9581868630395654,Asia,142
127,Georgia,Belarus,0.17577866248809984,0.9454296730980896,Asia,10
128,Faroe Islands,Denmark,0.11090398820673722,0.9536892180301175,Europe,9
129,Belarus,Georgia,0.17577866248809984,0.9445251886599143,Europe,10
130,Tajikistan,Kazakhstan,0.22180797641347444,0.935174375423206,Asia,15
131,Serbia,Montenegro,0.22180797641347444,0.9358921467592092,Europe,8
132,Slovenia,Montenegro,0.11090398820673722,0.9569585989598619,Europe,8
133,Faroe Islands,Norway,0.11090398820673722,0.9565087714889718,Europe,9
134,Bosnia and Herzegovina,Serbia,0.17577866248809984,0.9616208672515129,Europe,9
135,Montenegro,Serbia,0.22180797641347444,0.9365219098981872,Europe,10
136,Montenegro,Slovenia,0.11090398820673722,0.9569585989598619,Europe,10
137,Azerbaijan,Turkmenistan,0.11090398820673722,0.9585377126583047,Asia,9
138,Bahamas,Turks and Caicos Islands,0.22180797641347444,0.9853940954253929,Americas,18
139,Haiti,Turks and Caicos Islands,0.17577866248809984,0.9848034206604037,Americas,15
140,Maldives,Sri Lanka,0.4103935228604617,0.9679955053524597,Asia,13
141,Seychelles,Sri Lanka,0.11090398820673722,0.9637017435264272,Africa,142
142,Djibouti,Yemen,0.17577866248809984,0.9713853332570229,Africa,11
143,Eritrea,Yemen,0.11090398820673722,0.9950267673547719,Africa,21
144,Bangladesh,Nepal,0.22180797641347444,0.9511853550051336,Asia,11
145,Barbados,Antigua and Barbuda,0.11090398820673722,0.9817145437693172,Americas,25
146,Dominican Republic,Antigua and Barbuda,0.22180797641347444,0.9345725672593744,Americas,9
147,Guadeloupe,Antigua and Barbuda,0.11090398820673722,0.9629684800495665,Americas,142
148,Saint Lucia,Antigua and Barbuda,0.11090398820673722,0.9592965033280895,Americas,142
149,Namibia,Angola,0.17577866248809984,0.9886635673699271,Africa,23
150,Cameroon,Benin,0.22180797641347444,0.9509291339012995,Africa,10
151,Congo,Benin,0.3113468571680022,0.9766516167547062,Africa,12
152,Côte d'Ivoire,Benin,0.17577866248809984,0.9485965915584506,Africa,10
153,Equatorial Guinea,Benin,0.11090398820673722,0.9767082227574342,Africa,14
154,Gabon,Benin,0.17577866248809984,0.9801669961683475,Africa,13
155,Mali,Benin,0.17577866248809984,0.9722377510850297,Africa,12
156,Togo,Benin,0.11090398820673722,0.9712599016105083,Africa,14
157,Côte d'Ivoire,Burkina Faso,0.33271196462021163,0.9818932733307526,Africa,10
158,Mali,Burkina Faso,0.17577866248809984,0.9817135992666512,Africa,12
159,Niger,Burkina Faso,0.33271196462021163,0.9955734510181249,Africa,11
160,Togo,Burkina Faso,0.11090398820673722,0.9810663065511038,Africa,14
161,Rwanda,Burundi,0.3113468571680022,0.9930653094713564,Africa,11
162,Benin,Cameroon,0.22180797641347444,0.9495016477075595,Africa,15
163,Central African Republic,Cameroon,0.11090398820673722,0.993603755111693,Africa,16
164,Chad,Cameroon,0.17577866248809984,0.9895891807538021,Africa,15
165,Congo,Cameroon,0.22180797641347444,0.9530745958113145,Africa,12
166,"Congo, Democratic Republic of the",Cameroon,0.25751108605227985,0.9687380918079029,Africa,10
167,Equatorial Guinea,Cameroon,0.25751108605227985,0.9853999453471054,Africa,14
168,Gabon,Cameroon,0.22180797641347444,0.9772577130211806,Africa,13
169,Benin,Côte d'Ivoire,0.33271196462021163,0.9718552155546224,Africa,15
170,Burkina Faso,Côte d'Ivoire,0.33271196462021163,0.9817947509906,Africa,9
171,Ghana,Côte d'Ivoire,0.33271196462021163,0.9793303674088112,Africa,9
172,Guinea,Côte d'Ivoire,0.11090398820673722,0.9686763490830421,Africa,11
173,Mali,Côte d'Ivoire,0.17577866248809984,0.966839577184583,Africa,12
174,Nigeria,Côte d'Ivoire,0.22180797641347444,0.9385060337020442,Africa,10
175,Togo,Côte d'Ivoire,0.11090398820673722,0.9656749009145913,Africa,14
176,Burundi,Rwanda,0.28668265069483706,0.9917328169830797,Africa,21
177,Uganda,Rwanda,0.25751108605227985,0.9814186968573992,Africa,15
178,Gambia,Senegal,0.22180797641347444,0.9820789283633434,Africa,142
179,Ghana,Senegal,0.17577866248809984,0.9475010456430953,Africa,9
180,Guinea,Senegal,0.33271196462021163,0.9856374033783802,Africa,11
181,Guinea-Bissau,Senegal,0.11090398820673722,0.9856374033783802,Africa,14
182,Mali,Senegal,0.25751108605227985,0.969093914805041,Africa,12
183,Mauritania,Senegal,0.17577866248809984,0.978533184869189,Africa,17
184,Gambia,Sierra Leone,0.11090398820673722,0.9877658529279372,Africa,142
185,Ghana,Sierra Leone,0.17577866248809984,0.9818167341070857,Africa,9
186,Liberia,Sierra Leone,0.3113468571680022,0.9941292758814461,Africa,13
187,Belize,Guatemala,0.11090398820673722,0.9794194054350701,Americas,142
188,Costa Rica,Guatemala,0.22180797641347444,0.9707419058266978,Americas,9
189,Honduras,Guatemala,0.3684150742590171,0.9857675494310206,Americas,10
190,Belize,Honduras,0.11090398820673722,0.9757572915828431,Americas,142
191,Cayman Islands,Honduras,0.11090398820673722,0.9769775792271591,Americas,17
192,Costa Rica,Honduras,0.25751108605227985,0.9702662368721702,Americas,9
193,El Salvador,Honduras,0.17577866248809984,0.9648405725184768,Americas,11
194,Guatemala,Honduras,0.33271196462021163,0.9842647271375151,Americas,11
195,Benin,Congo,0.3113468571680022,0.9770569624942086,Africa,15
196,Cameroon,Congo,0.25751108605227985,0.9612792698954348,Africa,10
197,"Congo, Democratic Republic of the",Congo,0.22180797641347444,0.9770799270927172,Africa,10
198,Gabon,Congo,0.28668265069483706,0.9888699159963551,Africa,13
199,Benin,Equatorial Guinea,0.11090398820673722,0.9767082227574342,Africa,15
200,Cameroon,Equatorial Guinea,0.25751108605227985,0.98582004041737,Africa,10
201,Ethiopia,Equatorial Guinea,0.11090398820673722,0.9510008052485903,Africa,13
202,Nigeria,Equatorial Guinea,0.11090398820673722,0.9656818030456803,Africa,10
203,Benin,Gabon,0.17577866248809984,0.9792857215575467,Africa,15
204,Cameroon,Gabon,0.25751108605227985,0.9800959438388392,Africa,10
205,Congo,Gabon,0.28668265069483706,0.9881664678001687,Africa,12
206,Equatorial Guinea,Gabon,0.11090398820673722,0.9891253794068245,Africa,14
207,Benin,Mali,0.17577866248809984,0.973828269596291,Africa,15
208,Burkina Faso,Mali,0.17577866248809984,0.9830769867583647,Africa,9
209,Guinea,Mali,0.11090398820673722,0.9845029969940354,Africa,11
210,Senegal,Mali,0.25751108605227985,0.9712890640182049,Africa,9
211,Chad,Nigeria,0.11090398820673722,0.9826690424607596,Africa,15
212,Côte d'Ivoire,Nigeria,0.22180797641347444,0.93811774087311,Africa,10
213,Gabon,Nigeria,0.11090398820673722,0.9526566927961221,Africa,13
214,Ghana,Nigeria,0.25751108605227985,0.9661717375830902,Africa,9
215,Togo,Nigeria,0.11090398820673722,0.9564350886298132,Africa,14
216,Benin,Togo,0.17577866248809984,0.9836321315171808,Africa,15
217,Burkina Faso,Togo,0.11090398820673722,0.9833062154920041,Africa,9
218,Côte d'Ivoire,Togo,0.25751108605227985,0.9869117868292346,Africa,10
219,Nigeria,Togo,0.11090398820673722,0.9619814055560482,Africa,10
220,Brazil,Argentina,0.5387694669921819,0.9192813594348812,Americas,8
221,Chile,Argentina,0.3684150742590171,0.9483570584632961,Americas,8
222,Paraguay,Argentina,0.22180797641347444,0.9725991010486429,Americas,11
223,Uruguay,Argentina,0.3515573249761997,0.9802323104805137,Americas,9
224,Botswana,Zimbabwe,0.11090398820673722,0.9844982796691459,Africa,23
225,Ethiopia,Zimbabwe,0.22180797641347444,0.9375416133370048,Africa,13
226,Namibia,Zimbabwe,0.11090398820673722,0.9750087447558099,Africa,23
227,South Africa,Zimbabwe,0.3515573249761997,0.9332193294513459,Africa,8
228,Zambia,Zimbabwe,0.3684150742590171,0.9822445180513214,Africa,14
229,Burkina Faso,Niger,0.3113468571680022,0.9955509701056847,Africa,9
230,Burundi,Kenya,0.28668265069483706,0.972091376990692,Africa,21
231,Comoros,Kenya,0.22180797641347444,0.9789952560580085,Africa,19
232,Malawi,Kenya,0.22180797641347444,0.959059057224074,Africa,18
233,Mozambique,Kenya,0.22180797641347444,0.959059057224074,Africa,16
234,Rwanda,Kenya,0.33271196462021163,0.9437614773531159,Africa,11
235,Somalia,Kenya,0.28668265069483706,0.9698846312338466,Africa,13
236,"Tanzania, United Republic of",Kenya,0.4436159528269489,0.9598361093836504,Africa,13
237,Cambodia,Lao People's Democratic Republic,0.25751108605227985,0.968835048032658,Asia,10
238,Thailand,Lao People's Democratic Republic,0.3684150742590171,0.9051200103814329,Asia,8
239,Viet Nam,Lao People's Democratic Republic,0.28668265069483706,0.9403118124902778,Asia,9
240,Cameroon,Central African Republic,0.11090398820673722,0.9937885361452654,Africa,10
241,Cameroon,Chad,0.17577866248809984,0.9898893505902479,Africa,10
242,Nigeria,Chad,0.11090398820673722,0.9831825869701881,Africa,10
243,Venezuela (Bolivarian Republic of),Aruba,0.3836647634353647,0.9778169716702069,Americas,9
244,Turks and Caicos Islands,Bahamas,0.17577866248809984,0.9812942131068065,Americas,142
245,United States of America,Bahamas,0.6842692895964113,0.8680146575688942,Americas,6
246,United States of America,Bermuda,0.3836647634353647,0.8797559526651243,Americas,6
247,Honduras,Cayman Islands,0.11090398820673722,0.9722528710613902,Americas,10
248,Jamaica,Cayman Islands,0.11090398820673722,0.972941679562802,Americas,12
249,United States of America,Cayman Islands,0.4533159307415043,0.8686629127077912,Americas,6
250,Honduras,Costa Rica,0.25751108605227985,0.9707076290991976,Americas,10
251,Nicaragua,Costa Rica,0.22180797641347444,0.9844235738473142,Americas,18
252,Panama,Costa Rica,0.3113468571680022,0.9438529493461258,Americas,8
253,Saint Lucia,Grenada,0.17577866248809984,0.9859026227554334,Americas,142
254,Trinidad and Tobago,Grenada,0.17577866248809984,0.9849398944700513,Americas,11
255,Canada,Guyana,0.11090398820673722,0.945284211277795,Americas,7
256,Greenland,Iceland,0.11090398820673722,0.9948810248430568,Americas,142
257,Canada,Saint Pierre and Miquelon,0.17577866248809984,0.9722626884188484,Americas,7
258,East Timor,Australia,0.11090398820673722,0.9805414481569947,Asia,142
259,Fiji,Australia,0.3836647634353647,0.9212284976365511,Oceania,142
260,New Caledonia,Australia,0.22180797641347444,0.9520533496782254,Oceania,142
261,New Zealand,Australia,0.6654239292404233,0.9211138398613422,Oceania,9
262,Norfolk Island,Australia,0.11090398820673722,0.9805414481569947,Oceania,142
263,Papua New Guinea,Australia,0.3515573249761997,0.9744812816916432,Oceania,142
264,Vanuatu,Australia,0.3113468571680022,0.949563238611525,Oceania,142
265,Colombia,Ecuador,0.3836647634353647,0.9582928298959617,Americas,8
266,Peru,Ecuador,0.28668265069483706,0.9519512568229455,Americas,8
267,Nepal,Bangladesh,0.22180797641347444,0.9504498039961429,Asia,15
268,Thailand,Myanmar,0.3975866389015743,0.8988005544692815,Asia,8
269,Lao People's Democratic Republic,Cambodia,0.25751108605227985,0.9688779113643061,Asia,142
270,Viet Nam,Cambodia,0.4222508453747394,0.9195667078301647,Asia,9
271,Russian Federation,Kyrgyzstan,0.6226937143360044,0.8849611127172311,Europe,8
272,Sri Lanka,Maldives,0.3836647634353647,0.9657800495203929,Asia,9
273,Madagascar,Mauritius,0.11090398820673722,0.9559534032146427,Africa,12
274,Réunion,Mauritius,0.3113468571680022,0.9882280188404615,Africa,142
275,China,Korea (Democratic People's Republic of),0.17577866248809984,0.9550634470680913,Asia,0
276,Guam,Northern Mariana Islands,0.11090398820673722,0.9855755123687423,Oceania,11
277,Russian Federation,Tajikistan,0.6842692895964113,0.8828444543457149,Europe,8
278,Guatemala,El Salvador,0.17577866248809984,0.968383423910796,Americas,11
279,Honduras,El Salvador,0.17577866248809984,0.9627654108793655,Americas,10
280,Nicaragua,El Salvador,0.11090398820673722,0.9730157679526573,Americas,18
281,Comoros,Mayotte,0.11090398820673722,0.9946733345634156,Africa,19
282,Kenya,Mayotte,0.17577866248809984,0.9438786361764149,Africa,10
283,Madagascar,Mayotte,0.25751108605227985,0.9920186997609282,Africa,12
284,"Congo, Democratic Republic of the",Zambia,0.17577866248809984,0.9718807552053954,Africa,10
285,Kenya,Zambia,0.3515573249761997,0.9381822446595671,Africa,10
286,Malawi,Zambia,0.25751108605227985,0.9900430902444081,Africa,18
287,Namibia,Zambia,0.11090398820673722,0.9737778485648321,Africa,23
288,South Africa,Zambia,0.3113468571680022,0.9213186655599057,Africa,8
289,Zimbabwe,Zambia,0.3836647634353647,0.9873296096987485,Africa,18
290,Cook Islands,French Polynesia,0.11090398820673722,0.99332984569614,Oceania,142
291,New Zealand,French Polynesia,0.22180797641347444,0.9768638419296848,Oceania,9
292,Costa Rica,Nicaragua,0.17577866248809984,0.9809104725839011,Americas,9
293,El Salvador,Nicaragua,0.11090398820673722,0.9755767770990185,Americas,11
294,Côte d'Ivoire,Ghana,0.3113468571680022,0.9765117770111907,Africa,10
295,Liberia,Ghana,0.25751108605227985,0.9898348067706866,Africa,13
296,Nigeria,Ghana,0.28668265069483706,0.9678240977490356,Africa,10
297,Senegal,Ghana,0.17577866248809984,0.9437059073471081,Africa,9
298,Sierra Leone,Ghana,0.17577866248809984,0.9810432651726457,Africa,14
299,Togo,Ghana,0.11090398820673722,0.9770009264224965,Africa,14
300,Côte d'Ivoire,Guinea,0.11090398820673722,0.9694030962881918,Africa,10
301,Guinea-Bissau,Guinea,0.11090398820673722,0.9967145797106838,Africa,14
302,Mali,Guinea,0.11090398820673722,0.9835558025048435,Africa,12
303,Senegal,Guinea,0.33271196462021163,0.9858495214043459,Africa,9
304,Czechia,Slovakia,0.22180797641347444,0.9325958870589057,Europe,7
305,Denmark,Faroe Islands,0.11090398820673722,0.9532696653467544,Europe,7
306,Norway,Faroe Islands,0.11090398820673722,0.9563963888223963,Europe,7
307,Djibouti,Somalia,0.25751108605227985,0.9908305288251053,Africa,11
308,Kenya,Somalia,0.3113468571680022,0.9584432104793783,Africa,10
309,Yemen,Somalia,0.11090398820673722,0.9567433971771486,Asia,17
310,Dominica,Virgin Islands (British),0.11090398820673722,0.9827415739022591,Americas,142
311,Puerto Rico,Virgin Islands (British),0.3113468571680022,0.9810734888243275,Americas,10
312,Guadeloupe,Haiti,0.11090398820673722,0.9729310359247366,Americas,142
313,Turks and Caicos Islands,Haiti,0.17577866248809984,0.9855583310367994,Americas,142
314,Ethiopia,South Sudan,0.11090398820673722,0.9629463568579824,Africa,13
315,Sudan,South Sudan,0.11090398820673722,0.9870235746126678,Africa,13
316,Saudi Arabia,Sudan,0.33271196462021163,0.9069935312915219,Asia,8
317,South Sudan,Sudan,0.11090398820673722,0.9851557165158759,Africa,16
318,Ethiopia,Djibouti,0.25751108605227985,0.9746283538344965,Africa,13
319,Somalia,Djibouti,0.22180797641347444,0.9951703739563309,Africa,13
320,Yemen,Djibouti,0.11090398820673722,0.967464606648404,Asia,17
321,Kenya,"Tanzania, United Republic of",0.4533159307415043,0.9586001029606638,Africa,10
322,Rwanda,"Tanzania, United Republic of",0.11090398820673722,0.9595992251276422,Africa,11
323,Uganda,"Tanzania, United Republic of",0.22180797641347444,0.9825203996824031,Africa,15
324,Rwanda,Uganda,0.3836647634353647,0.9902801911781608,Africa,11
325,South Sudan,Uganda,0.11090398820673722,0.9863215463637667,Africa,16
326,"Tanzania, United Republic of",Uganda,0.22180797641347444,0.9841707215637276,Africa,13
327,Fiji,Kiribati,0.17577866248809984,0.9935638318728472,Oceania,142
328,Fiji,Tonga,0.11090398820673722,0.9921131066680241,Oceania,142
329,New Zealand,Tonga,0.11090398820673722,0.9863400321544659,Oceania,9
330,Portugal,Cabo Verde,0.3515573249761997,0.9197084007077425,Europe,8
331,France,French Guiana,0.17577866248809984,0.9019928461172021,Europe,6
332,Martinique,French Guiana,0.11090398820673722,0.9929361522135363,Americas,142
333,Ghana,Liberia,0.25751108605227985,0.9912178231403754,Africa,9
334,Sierra Leone,Liberia,0.33271196462021163,0.9950510346963998,Africa,14
335,Mauritius,Madagascar,0.11090398820673722,0.9574632778216323,Africa,10
336,Mayotte,Madagascar,0.3113468571680022,0.994044023822533,Africa,142
337,Réunion,Madagascar,0.28668265069483706,0.9918678461329729,Africa,142
338,French Guiana,Martinique,0.11090398820673722,0.9931868697749469,Americas,142
339,Guadeloupe,Martinique,0.25751108605227985,0.9863384072841334,Americas,142
340,Saint Lucia,Martinique,0.25751108605227985,0.9849660012327367,Americas,142
341,Madagascar,Réunion,0.3113468571680022,0.9909178118793122,Africa,12
342,Mauritius,Réunion,0.3113468571680022,0.9862290339588939,Africa,10
343,Mayotte,Réunion,0.11090398820673722,0.9850906782197127,Africa,142
344,French Polynesia,Cook Islands,0.11090398820673722,0.9944151833390591,Oceania,142
345,New Zealand,Cook Islands,0.11090398820673722,0.9795797831082339,Oceania,9
346,Italy,Albania,0.5273359874642995,0.9141435315090694,Europe,5
347,Serbia,Bosnia and Herzegovina,0.17577866248809984,0.9612351251455985,Europe,8
348,Jersey,Guernsey,0.17577866248809984,0.9893593976607674,Europe,11
349,United Kingdom of Great Britain and Northern Ireland,Guernsey,0.3836647634353647,0.8778669813247998,Europe,6
350,Guernsey,Jersey,0.22180797641347444,0.9923720636777694,Europe,11
351,Guadeloupe,Dominica,0.17577866248809984,0.9904650703742824,Americas,142
352,Puerto Rico,Dominica,0.22180797641347444,0.9873248273525518,Americas,10
353,Virgin Islands (British),Dominica,0.11090398820673722,0.9856542524661727,Americas,142
354,Guam,Micronesia (Federated States of),0.11090398820673722,0.9943950604881064,Oceania,11
355,Marshall Islands,Micronesia (Federated States of),0.11090398820673722,0.9994516793418576,Oceania,142
356,Guatemala,Belize,0.11090398820673722,0.9789728211169337,Americas,11
357,Honduras,Belize,0.11090398820673722,0.9752127643402797,Americas,10
358,United States of America,Belize,0.3684150742590171,0.856769118256757,Americas,6
359,Guinea,Guinea-Bissau,0.11090398820673722,0.9967145797106838,Africa,11
360,Senegal,Guinea-Bissau,0.11090398820673722,0.9858495214043459,Africa,9
361,Indonesia,Brunei,0.22180797641347444,0.946215343307002,Asia,8
362,Malaysia,Brunei,0.3113468571680022,0.9346863608746366,Asia,7
363,Iceland,Greenland,0.11090398820673722,0.9949527920237943,Europe,7
364,Iran (Islamic Republic of),Afghanistan,0.25751108605227985,0.9481197594328633,Asia,5
365,Pakistan,Afghanistan,0.22180797641347444,0.938734599306323,Asia,8
366,India,Bhutan,0.17577866248809984,0.970903914707309,Asia,8
367,Japan,Guam,0.4711121028540219,0.932518741756009,Asia,5
368,Micronesia (Federated States of),Guam,0.11090398820673722,0.9943950604881064,Oceania,142
369,Northern Mariana Islands,Guam,0.11090398820673722,0.9855755123687423,Oceania,142
370,Taiwan,Palau,0.11090398820673722,0.9551604049645043,Asia,8
371,Kenya,Malawi,0.22180797641347444,0.957435577589908,Africa,10
372,South Africa,Malawi,0.17577866248809984,0.9394855826767209,Africa,8
373,Zambia,Malawi,0.28668265069483706,0.9896566311606437,Africa,14
374,Kenya,Mozambique,0.22180797641347444,0.9592131656062939,Africa,10
375,South Africa,Mozambique,0.4332897485403797,0.9760537322711276,Africa,8
376,Mayotte,Comoros,0.25751108605227985,0.9983205443948493,Africa,142
377,Micronesia (Federated States of),Marshall Islands,0.11090398820673722,0.9994516793418576,Oceania,142
378,Morocco,Mauritania,0.17577866248809984,0.9603700100201319,Africa,9
379,Senegal,Mauritania,0.11090398820673722,0.9707215350707752,Africa,9
380,Morocco,Western Sahara,0.22180797641347444,0.9728280679575155,Africa,9
381,Trinidad and Tobago,Suriname,0.17577866248809984,0.9936626645967235,Americas,11
382,Portugal,Sao Tome and Principe,0.11090398820673722,0.9775177666582037,Europe,8
383,Puerto Rico,Anguilla,0.11090398820673722,0.9944511544366983,Americas,10
384,Senegal,Gambia,0.22180797641347444,0.9823431333945533,Africa,9
385,Sierra Leone,Gambia,0.11090398820673722,0.9882973707948495,Africa,14
386,South Africa,Botswana,0.3515573249761997,0.9791327324088746,Africa,8
387,Zimbabwe,Botswana,0.11090398820673722,0.9872576645256502,Africa,18
388,Sri Lanka,Seychelles,0.11090398820673722,0.9630041211063021,Asia,9
389,United Arab Emirates,Seychelles,0.22180797641347444,0.9016569539054262,Asia,8
390,United Kingdom of Great Britain and Northern Ireland,Gibraltar,0.28668265069483706,0.9282242431689413,Europe,6
391,United Kingdom of Great Britain and Northern Ireland,Isle of Man,0.3684150742590171,0.9282242431689413,Europe,6
392,Yemen,Eritrea,0.11090398820673722,0.9947821084824019,Asia,17
