	src	trg	iso_code_src	region	iso_code_trg	kmdist	proximity	log-prox	Norm_prox	norm_log_prox
0	Afghanistan	China	AFG	Asia	CHN	4199	0.0002381519409	0.1198666841	0.003359814341	0.003359814341
1	Afghanistan	Iran (Islamic Republic of)	AFG	Asia	IRN	1618	0.0006180469716	0.135337298	0.01096842754	0.01096842754
2	Afghanistan	Pakistan	AFG	Asia	PAK	371	0.00269541779	0.1690273573	0.05257442327	0.05257442327
3	Afghanistan	Pakistan	AFG	Asia	PAK	371	0.00269541779	0.1690273573	0.05257442327	0.05257442327
4	Afghanistan	Tajikistan	AFG	Asia	TJK	444	0.002252252252	0.1640467159	0.04369861578	0.04369861578
5	Afghanistan	Turkmenistan	AFG	Asia	TKM	1035	0.0009661835749	0.1440474542	0.01794097664	0.01794097664
6	Afghanistan	Uzbekistan	AFG	Asia	UZB	774	0.001291989664	0.1503404036	0.02446628576	0.02446628576
7	Albania	Greece	ALB	Europe	GRC	475	0.002105263158	0.1622503526	0.04075468898	0.04075468898
8	Albania	Montenegro	ALB	Europe	MNE	157	0.006369426752	0.197775195	0.1261582052	0.1261582052
9	Albania	North Macedonia	ALB	Europe	MKD	172	0.005813953488	0.1942692711	0.1150330762	0.1150330762
10	Algeria	Libya	DZA	Africa	LBY	1059	0.0009442870633	0.1435733617	0.01750242895	0.01750242895
11	Algeria	Mali	DZA	Africa	MLI	2888	0.0003462603878	0.1254969759	0.005525031807	0.005525031807
12	Algeria	Mauritania	DZA	Africa	MRT	2740	0.0003649635036	0.1263310045	0.005899621529	0.005899621529
13	Algeria	Morocco	DZA	Africa	MAR	958	0.001043841336	0.1456696539	0.01949632172	0.01949632172
14	Algeria	Niger	DZA	Africa	NER	2561	0.0003904724717	0.1274185135	0.006410520212	0.006410520212
15	Algeria	Tunisia	DZA	Africa	TUN	643	0.001555209953	0.1546516576	0.02973811405	0.02973811405
16	Algeria	Western Sahara	DZA	Africa	ESH	1865	0.0005361930295	0.1327842028	0.009329040513	0.009329040513
17	American Samoa	Niue	ASM	Oceania	NIU	538	0.001858736059	0.1590366562	0.03581719524	0.03581719524
18	American Samoa	Samoa	ASM	Oceania	WSM	124	0.008064516129	0.2074567609	0.1601077922	0.1601077922
19	American Samoa	Wallis and Futuna	ASM	Oceania	WLF	600	0.001666666667	0.1563249956	0.03197039126	0.03197039126
20	Angola	Congo	AGO	Africa	COG	510	0.001960784314	0.1604000833	0.03786103796	0.03786103796
21	Angola	Congo, Democratic Republic of the	AGO	Africa	COD	500	0.002	0.1609111925	0.03864645753	0.03864645753
22	Angola	Namibia	AGO	Africa	NAM	1606	0.0006226650062	0.1354737849	0.01106091845	0.01106091845
23	Angola	Zambia	AGO	Africa	ZMB	1842	0.000542888165	0.133003357	0.009463132019	0.009463132019
24	Anguilla	Antigua and Barbuda	AIA	Americas	ATG	177	0.005649717514	0.193193793	0.1117437255	0.1117437255
25	Anguilla	Saint Kitts and Nevis	AIA	Americas	WSM	107	0.009345794393	0.2140031307	0.185769488	0.185769488
26	Antigua and Barbuda	Saint Kitts and Nevis	ATG	Americas	WSM	14205	7.04E-05	0.104587749	0	0
27	Argentina	Bolivia	ARG	Americas	BOL	2213	0.0004518752824	0.1298346472	0.007640307912	0.007640307912
28	Argentina	Brazil	ARG	Americas	BRA	2370	0.0004219409283	0.1286894421	0.007040776716	0.007040776716
29	Argentina	Chile	ARG	Americas	CHL	1131	0.000884173298	0.1422301623	0.01629845851	0.01629845851
30	Argentina	Paraguay	ARG	Americas	PRY	1003	0.0009970089731	0.1447020781	0.01855835384	0.01855835384
31	Argentina	Uruguay	ARG	Americas	URY	215	0.004651162791	0.1861976165	0.09174447295	0.09174447295
32	Armenia	Azerbaijan	ARM	Asia	AZE	454	0.002202643172	0.1634495118	0.04270503526	0.04270503526
33	Armenia	Georgia	ARM	Asia	GEO	29	0.03448275862	0.2969742044	0.6892176048	0.6892176048
34	Armenia	Iran (Islamic Republic of)	ARM	Asia	IRN	825	0.001212121212	0.1489118257	0.02286666453	0.02286666453
35	Armenia	Turkey	ARM	Asia	TUR	1004	0.0009960159363	0.1446812154	0.0185384651	0.0185384651
36	Aruba	Venezuela (Bolivarian Republic of)	ABW	Americas	VEN	407	0.002457002457	0.166422215	0.04779939359	0.04779939359
37	Australia	Indonesia	AUS	Oceania	IDN	5392	0.0001854599407	0.1163782396	0.002304488484	0.002304488484
38	Australia	Norfolk Island	AUS	Oceania	NFK	1900	0.0005263157895	0.1324571879	0.009131217186	0.009131217186
39	Austria	Czechia	AUT	Europe	CZE	259	0.003861003861	0.1799587802	0.07591901282	0.07591901282
40	Austria	Germany	AUT	Europe	DEU	492	0.002032520325	0.1613299078	0.03929778106	0.03929778106
41	Austria	Germany	AUT	Europe	DEU	705	0.001418439716	0.1524809147	0.02699885255	0.02699885255
42	Austria	Hungary	AUT	Europe	HUN	238	0.004201680672	0.1827394988	0.08274215573	0.08274215573
43	Austria	Italy	AUT	Europe	ITA	823	0.001215066829	0.1489656673	0.02292565992	0.02292565992
44	Austria	Slovakia	AUT	Europe	SVK	62	0.01612903226	0.2422988705	0.3216255245	0.3216255245
45	Austria	Slovenia	AUT	Europe	SVN	264	0.003787878788	0.1793416657	0.07445444932	0.07445444932
46	Austria	Switzerland	AUT	Europe	CHE	713	0.001402524544	0.1522190164	0.02668010032	0.02668010032
47	Azerbaijan	Armenia	AZE	Asia	ARM	454	0.002202643172	0.1634495118	0.04270503526	0.04270503526
48	Azerbaijan	Georgia	AZE	Asia	GEO	425	0.002352941176	0.1652321987	0.04571523357	0.04571523357
49	Azerbaijan	Iran (Islamic Republic of)	AZE	Asia	IRN	571	0.001751313485	0.1575450893	0.03366571457	0.03366571457
50	Azerbaijan	Russian Federation	AZE	Asia	RUS	1897	0.0005271481286	0.1324849181	0.00914788744	0.00914788744
51	Azerbaijan	Turkey	AZE	Asia	TUR	1458	0.0006858710562	0.1372717342	0.01232682179	0.01232682179
52	Bahamas	United States of America	BHS	Americas	USA	1623	0.0006161429452	0.1352808076	0.01093029332	0.01093029332
53	Bahamas	United States of America	BHS	Americas	USA	1623	0.0006161429452	0.1352808076	0.01093029332	0.01093029332
54	Bahrain	Qatar	BHR	Asia	QAT	60	0.01666666667	0.2442393367	0.3323933733	0.3323933733
55	Bahrain	Saudi Arabia	BHR	Asia	SAU	504	0.001984126984	0.1607051416	0.03832854961	0.03832854961
56	Bangladesh	India	BGD	Asia	IND	1430	0.0006993006993	0.1376381079	0.01259579335	0.01259579335
57	Bangladesh	India	BGD	Asia	IND	1430	0.0006993006993	0.1376381079	0.01259579335	0.01259579335
58	Bangladesh	Myanmar	BGD	Asia	MMR	978	0.001022494888	0.1452325315	0.0190687908	0.0190687908
59	Barbados	Grenada	BRB	Americas	GRD	259	0.003861003861	0.1799587802	0.07591901282	0.07591901282
60	Belarus	Latvia	BLR	Europe	LVA	404	0.002475247525	0.1666273738	0.04816480943	0.04816480943
61	Belarus	Lithuania	BLR	Europe	LTU	180	0.005555555556	0.1925685171	0.109857831	0.109857831
62	Belarus	Poland	BLR	Europe	POL	454	0.002202643172	0.1634495118	0.04270503526	0.04270503526
63	Belarus	Russian Federation	BLR	Europe	RUS	688	0.001453488372	0.1530505538	0.02770081399	0.02770081399
64	Belarus	Ukraine	BLR	Europe	UKR	390	0.002564102564	0.1676123709	0.04994441582	0.04994441582
65	Belgium	France	BEL	Europe	FRA	266	0.003759398496	0.1790992498	0.07388404038	0.07388404038
66	Belgium	France	BEL	Europe	FRA	266	0.003759398496	0.1790992498	0.07388404038	0.07388404038
67	Belgium	Germany	BEL	Europe	DEU	676	0.001479289941	0.1534638382	0.02821757294	0.02821757294
68	Belgium	Germany	BEL	Europe	DEU	676	0.001479289941	0.1534638382	0.02821757294	0.02821757294
69	Belgium	Germany	BEL	Europe	DEU	202	0.00495049505	0.1883853749	0.09773955894	0.09773955894
70	Belgium	Germany	BEL	Europe	DEU	202	0.00495049505	0.1883853749	0.09773955894	0.09773955894
71	Belgium	Luxembourg	BEL	Europe	LUX	136	0.007352941176	0.2035559231	0.1458562276	0.1458562276
72	Belgium	Luxembourg	BEL	Europe	LUX	136	0.007352941176	0.2035559231	0.1458562276	0.1458562276
73	Belgium	Netherlands	BEL	Europe	NLD	219	0.004566210046	0.1855607144	0.09004302249	0.09004302249
74	Belgium	Netherlands	BEL	Europe	NLD	219	0.004566210046	0.1855607144	0.09004302249	0.09004302249
75	Belize	Guatemala	BLZ	Americas	GTM	400	0.0025	0.1669041003	0.04866055693	0.04866055693
76	Belize	Mexico	BLZ	Americas	MEX	1178	0.0008488964346	0.1414112459	0.01559192648	0.01559192648
77	Benin	Burkina Faso	BEN	Africa	BFA	807	0.001239157373	0.1494026062	0.02340815014	0.02340815014
78	Benin	Niger	BEN	Africa	NER	780	0.001282051282	0.1501660705	0.02426723787	0.02426723787
79	Benin	Nigeria	BEN	Africa	NGA	74	0.01351351351	0.2323384936	0.2692413951	0.2692413951
80	Benin	Togo	BEN	Africa	TGO	166	0.006024096386	0.1956186207	0.1192418599	0.1192418599
81	Bermuda	United States of America	BMU	Americas	USA	1326	0.000754147813	0.1390835639	0.01369428225	0.01369428225
82	Bhutan	China	BTN	Asia	CHN	2806	0.0003563791875	0.1259522738	0.005727693138	0.005727693138
83	Bhutan	India	BTN	Asia	IND	1220	0.0008196721311	0.1407141441	0.01500661632	0.01500661632
84	Bhutan	India	BTN	Asia	IND	1220	0.0008196721311	0.1407141441	0.01500661632	0.01500661632
85	Bolivia	Argentina	BOL	Americas	ARG	2213	0.0004518752824	0.1298346472	0.007640307912	0.007640307912
86	Bolivia	Brazil	BOL	Americas	BRA	2178	0.0004591368228	0.1301039401	0.007785743486	0.007785743486
87	Bolivia	Chile	BOL	Americas	CHL	1908	0.0005241090147	0.1323835107	0.009087019462	0.009087019462
88	Bolivia	Paraguay	BOL	Americas	PRY	1480	0.0006756756757	0.1369901039	0.01212262668	0.01212262668
89	Bolivia	Peru	BOL	Americas	PER	1069	0.000935453695	0.1433798873	0.0173255125	0.0173255125
90	Bosnia and Herzegovina	Croatia	BIH	Europe	HRV	299	0.003344481605	0.1754249449	0.0655740024	0.0655740024
91	Bosnia and Herzegovina	Montenegro	BIH	Europe	MNE	96	0.01041666667	0.2190893328	0.2072171308	0.2072171308
92	Bosnia and Herzegovina	Serbia	BIH	Europe	SRB	196	0.005102040816	0.1894615908	0.1007747477	0.1007747477
93	Botswana	Namibia	BWA	Africa	NAM	931	0.001074113856	0.1462788287	0.02010262577	0.02010262577
94	Botswana	South Africa	BWA	Africa	ZAF	1260	0.0007936507937	0.1400782505	0.0144854558	0.0144854558
95	Botswana	Zambia	BWA	Africa	ZMB	1035	0.0009661835749	0.1440474542	0.01794097664	0.01794097664
96	Botswana	Zimbabwe	BWA	Africa	ZWE	932	0.001072961373	0.1462558613	0.02007954362	0.02007954362
97	Brazil	Argentina	BRA	Americas	ARG	2370	0.0004219409283	0.1286894421	0.007040776716	0.007040776716
98	Brazil	Bolivia	BRA	Americas	BOL	2178	0.0004591368228	0.1301039401	0.007785743486	0.007785743486
99	Brazil	Colombia	BRA	Americas	COL	3651	0.0002738975623	0.1219102401	0.004075734752	0.004075734752
100	Brazil	French Guiana	BRA	Americas	GUF	2354	0.000424808836	0.1288017231	0.007098215743	0.007098215743
101	Brazil	Guyana	BRA	Americas	GUY	2714	0.0003684598379	0.1264833518	0.005969646806	0.005969646806
102	Brazil	Paraguay	BRA	Americas	PRY	1509	0.0006626905235	0.1366269079	0.01186255747	0.01186255747
103	Brazil	Peru	BRA	Americas	PER	3185	0.0003139717425	0.1239739979	0.0048783484	0.0048783484
104	Brazil	Suriname	BRA	Americas	SUR	2467	0.0004053506283	0.1280285454	0.00670850289	0.00670850289
105	Brazil	Uruguay	BRA	Americas	URY	2277	0.0004391743522	0.1293558301	0.007385931157	0.007385931157
106	Brazil	Venezuela (Bolivarian Republic of)	BRA	Americas	VEN	3512	0.000284738041	0.1224898619	0.004292850014	0.004292850014
107	Brunei	Malaysia	BRN	Asia	MYS	1451	0.0006891798759	0.1373624816	0.01239309149	0.01239309149
108	Bulgaria	Greece	BGR	Europe	GRC	453	0.002207505519	0.1635084432	0.04280241931	0.04280241931
109	Bulgaria	North Macedonia	BGR	Europe	MKD	151	0.006622516556	0.199311187	0.1312271381	0.1312271381
110	Bulgaria	Romania	BGR	Europe	ROU	317	0.003154574132	0.1736442189	0.06177049778	0.06177049778
111	Bulgaria	Serbia	BGR	Europe	SRB	321	0.003115264798	0.1732669499	0.06098320261	0.06098320261
112	Bulgaria	Turkey	BGR	Europe	TUR	866	0.001154734411	0.1478440295	0.02171731027	0.02171731027
113	Burkina Faso	Benin	BFA	Africa	BEN	807	0.001239157373	0.1494026062	0.02340815014	0.02340815014
114	Burkina Faso	Côte d'Ivoire	BFA	Africa	CIV	784	0.001275510204	0.1500508143	0.02413623186	0.02413623186
115	Burkina Faso	Ghana	BFA	Africa	GHA	797	0.001254705144	0.1496814477	0.02371954399	0.02371954399
116	Burkina Faso	Mali	BFA	Africa	MLI	706	0.001416430595	0.1524479659	0.02695861347	0.02695861347
117	Burkina Faso	Niger	BFA	Africa	NER	413	0.002421307506	0.1660178801	0.04708448801	0.04708448801
118	Burkina Faso	Togo	BFA	Africa	TGO	730	0.001369863014	0.1516749955	0.02602594869	0.02602594869
119	Burundi	Congo, Democratic Republic of the	BDI	Africa	COD	2852	0.000350631136	0.1256948445	0.005612570021	0.005612570021
120	Burundi	Rwanda	BDI	Africa	RWA	234	0.004273504274	0.1833072662	0.08418065309	0.08418065309
121	Burundi	Tanzania, United Republic of	BDI	Africa	TZA	1158	0.0008635578584	0.1417545023	0.01588556839	0.01588556839
122	Burundi	Tanzania, United Republic of	BDI	Africa	TZA	1158	0.0008635578584	0.1417545023	0.01588556839	0.01588556839
123	Cabo Verde	Mauritania	CPV	Africa	MRT	879	0.001137656428	0.1475190635	0.02137526903	0.02137526903
124	Cabo Verde	Senegal	CPV	Africa	SEN	730	0.001369863014	0.1516749955	0.02602594869	0.02602594869
125	Cambodia	Lao People's Democratic Republic	KHM	Asia	LAO	710	0.001408450704	0.1523167769	0.02679879063	0.02679879063
126	Cambodia	Thailand	KHM	Asia	THA	521	0.001919385797	0.1598529342	0.03703190023	0.03703190023
127	Cambodia	Viet Nam	KHM	Asia	VNM	205	0.00487804878	0.1878636343	0.09628859066	0.09628859066
128	Cameroon	Central African Republic	CMR	Africa	CAF	802	0.001246882793	0.1495414623	0.02356287638	0.02356287638
129	Cameroon	Chad	CMR	Africa	TCD	1065	0.0009389671362	0.1434569964	0.01739588039	0.01739588039
130	Cameroon	Congo	CMR	Africa	COG	898	0.001113585746	0.1470551457	0.02089317663	0.02089317663
131	Cameroon	Equatorial Guinea	CMR	Africa	GNQ	205	0.00487804878	0.1878636343	0.09628859066	0.09628859066
132	Cameroon	Gabon	CMR	Africa	GAB	405	0.002469135802	0.1665587625	0.04804240264	0.04804240264
133	Cameroon	Nigeria	CMR	Africa	NGA	963	0.001038421599	0.1455592759	0.01938777415	0.01938777415
134	Canada	Greenland	CAN	Americas	GRL	2558	0.0003909304144	0.127437546	0.006419691979	0.006419691979
135	Canada	United States of America	CAN	Americas	USA	731	0.001367989056	0.1516435095	0.0259884167	0.0259884167
136	Canada	United States of America	CAN	Americas	USA	731	0.001367989056	0.1516435095	0.0259884167	0.0259884167
137	Cayman Islands	Cuba	CYM	Americas	CUB	429	0.002331002331	0.1649768386	0.04527583801	0.04527583801
138	Cayman Islands	Jamaica	CYM	Americas	JAM	508	0.001968503937	0.1605012403	0.03801564811	0.03801564811
139	Central African Republic	Cameroon	CAF	Africa	CMR	802	0.001246882793	0.1495414623	0.02356287638	0.02356287638
140	Central African Republic	Chad	CAF	Africa	TCD	974	0.001026694045	0.1453190277	0.01915289237	0.01915289237
141	Central African Republic	Congo	CAF	Africa	COG	970	0.001030927835	0.1454059836	0.01923768755	0.01923768755
142	Central African Republic	Congo, Democratic Republic of the	CAF	Africa	COD	1031	0.0009699321048	0.1441278463	0.01801605294	0.01801605294
143	Central African Republic	South Sudan	CAF	Africa	SSD	1444	0.0006925207756	0.1374537889	0.01246000369	0.01246000369
144	Central African Republic	Sudan	CAF	Africa	SDN	1961	0.0005099439062	0.1319050683	0.008803317853	0.008803317853
145	Central African Republic	Sudan	CAF	Africa	SDN	1961	0.0005099439062	0.1319050683	0.008803317853	0.008803317853
146	Chad	Cameroon	TCD	Africa	CMR	1065	0.0009389671362	0.1434569964	0.01739588039	0.01739588039
147	Chad	Central African Republic	TCD	Africa	CAF	974	0.001026694045	0.1453190277	0.01915289237	0.01915289237
148	Chad	Libya	TCD	Africa	LBY	2243	0.0004458314757	0.1296080601	0.00751926135	0.00751926135
149	Chad	Niger	TCD	Africa	NER	1397	0.0007158196135	0.138081832	0.01292663745	0.01292663745
150	Chad	Nigeria	TCD	Africa	NGA	1441	0.000693962526	0.1374930935	0.01248887935	0.01248887935
151	Chad	Sudan	TCD	Africa	SDN	1938	0.000515995872	0.1321106616	0.008924527828	0.008924527828
152	Chad	Sudan	TCD	Africa	SDN	1938	0.000515995872	0.1321106616	0.008924527828	0.008924527828
153	Chile	Argentina	CHL	Americas	ARG	1131	0.000884173298	0.1422301623	0.01629845851	0.01629845851
154	Chile	Bolivia	CHL	Americas	BOL	1908	0.0005241090147	0.1323835107	0.009087019462	0.009087019462
155	Chile	Peru	CHL	Americas	PER	2425	0.000412371134	0.1283106258	0.006849110975	0.006849110975
156	China	Afghanistan	CHN	Asia	AFG	4199	0.0002381519409	0.1198666841	0.003359814341	0.003359814341
157	China	Bhutan	CHN	Asia	BTN	2806	0.0003563791875	0.1259522738	0.005727693138	0.005727693138
158	China	Hong Kong	CHN	Asia	HKG	1973	0.000506842372	0.1317990083	0.00874119971	0.00874119971
159	China	India	CHN	Asia	IND	3780	0.0002645502646	0.1213963599	0.003888525214	0.003888525214
160	China	India	CHN	Asia	IND	3780	0.0002645502646	0.1213963599	0.003888525214	0.003888525214
161	China	Kazakhstan	CHN	Asia	KAZ	3280	0.0003048780488	0.1235239093	0.004696218094	0.004696218094
162	China	Korea (Democratic People's Republic of)	CHN	Asia	PRK	820	0.001219512195	0.149046749	0.02301469261	0.02301469261
163	China	Kyrgyzstan	CHN	Asia	KGZ	3497	0.0002859593938	0.122554115	0.00431731151	0.00431731151
164	China	Lao People's Democratic Republic	CHN	Asia	LAO	2780	0.0003597122302	0.1261001258	0.005794447981	0.005794447981
165	China	Macao	CHN	Asia	MAC	1990	0.0005025125628	0.1316501438	0.008654481431	0.008654481431
166	China	Mongolia	CHN	Asia	MNG	1166	0.0008576329331	0.1416162935	0.01576690281	0.01576690281
167	China	Myanmar	CHN	Asia	MMR	3222	0.0003103662322	0.1237967335	0.004806136521	0.004806136521
168	China	Nepal	CHN	Asia	NPL	3159	0.0003165558721	0.1241001067	0.004930103861	0.004930103861
169	China	Pakistan	CHN	Asia	PAK	3910	0.0002557544757	0.1209000868	0.003712361406	0.003712361406
170	China	Pakistan	CHN	Asia	PAK	3910	0.0002557544757	0.1209000868	0.003712361406	0.003712361406
171	China	Russian Federation	CHN	Asia	RUS	5869	0.000170386778	0.1152413676	0.002002600185	0.002002600185
172	China	Tajikistan	CHN	Asia	TJK	4080	0.0002450980392	0.1202811847	0.003498932178	0.003498932178
173	China	Viet Nam	CHN	Asia	VNM	3290	0.0003039513678	0.1234774788	0.004677658342	0.004677658342
174	Christmas Island	Cocos (Keeling) Islands	CXR	Oceania	CCK	984	0.001016260163	0.1451036395	0.01894392049	0.01894392049
175	Christmas Island	Indonesia	CXR	Oceania	IDN	491	0.002036659878	0.1613828801	0.03938068885	0.03938068885
176	Cocos (Keeling) Islands	Indonesia	CCK	Oceania	IDN	500	0.002	0.1609111925	0.03864645753	0.03864645753
177	Colombia	Brazil	COL	Americas	BRA	3651	0.0002738975623	0.1219102401	0.004075734752	0.004075734752
178	Colombia	Ecuador	COL	Americas	ECU	705	0.001418439716	0.1524809147	0.02699885255	0.02699885255
179	Colombia	Panama	COL	Americas	PAN	760	0.001315789474	0.1507541075	0.02494295308	0.02494295308
180	Colombia	Panama	COL	Americas	PAN	760	0.001315789474	0.1507541075	0.02494295308	0.02494295308
181	Colombia	Peru	COL	Americas	PER	1880	0.0005319148936	0.1326431107	0.009243357157	0.009243357157
182	Colombia	Venezuela (Bolivarian Republic of)	COL	Americas	VEN	991	0.001009081736	0.1449545412	0.01880014953	0.01880014953
183	Comoros	Mayotte	COM	Africa	MYT	750	0.001333333333	0.1510557314	0.02529432499	0.02529432499
184	Comoros	Mozambique	COM	Africa	MOZ	2019	0.0004952947003	0.1313998698	0.008509920646	0.008509920646
185	Congo	Angola	COG	Africa	AGO	510	0.001960784314	0.1604000833	0.03786103796	0.03786103796
186	Congo	Cameroon	COG	Africa	CMR	898	0.001113585746	0.1470551457	0.02089317663	0.02089317663
187	Congo	Central African Republic	COG	Africa	CAF	970	0.001030927835	0.1454059836	0.01923768755	0.01923768755
188	Congo	Congo, Democratic Republic of the	COG	Africa	COD	20	0.05	0.3338082007	1	1
189	Congo	Gabon	COG	Africa	GAB	790	0.001265822785	0.1498793558	0.0239422103	0.0239422103
190	Congo, Democratic Republic of the	Angola	COD	Africa	AGO	500	0.002	0.1609111925	0.03864645753	0.03864645753
191	Congo, Democratic Republic of the	Burundi	COD	Africa	BDI	2852	0.000350631136	0.1256948445	0.005612570021	0.005612570021
192	Congo, Democratic Republic of the	Central African Republic	COD	Africa	CAF	1031	0.0009699321048	0.1441278463	0.01801605294	0.01801605294
193	Congo, Democratic Republic of the	Congo	COD	Africa	COG	20	0.05	0.3338082007	1	1
194	Congo, Democratic Republic of the	Rwanda	COD	Africa	RWA	2788	0.0003586800574	0.1260544491	0.005773775418	0.005773775418
195	Congo, Democratic Republic of the	South Sudan	COD	Africa	SSD	2705	0.0003696857671	0.126536514	0.00599419996	0.00599419996
196	Congo, Democratic Republic of the	Tanzania, United Republic of	COD	Africa	TZA	3564	0.0002805836139	0.1222697353	0.004209644322	0.004209644322
197	Congo, Democratic Republic of the	Uganda	COD	Africa	UGA	2946	0.000339443313	0.125184591	0.005388498076	0.005388498076
198	Congo, Democratic Republic of the	Zambia	COD	Africa	ZMB	1880	0.0005319148936	0.1326431107	0.009243357157	0.009243357157
199	Cook Islands	Niue	COK	Oceania	NIU	1086	0.0009208103131	0.143056267	0.01703223193	0.01703223193
200	Costa Rica	Nicaragua	CRI	Americas	NIC	337	0.00296735905	0.1718188576	0.0580209169	0.0580209169
201	Costa Rica	Panama	CRI	Americas	PAN	523	0.001912045889	0.15975509	0.03688489511	0.03688489511
202	Costa Rica	Panama	CRI	Americas	PAN	523	0.001912045889	0.15975509	0.03688489511	0.03688489511
203	Côte d'Ivoire	Burkina Faso	CIV	Africa	BFA	784	0.001275510204	0.1500508143	0.02413623186	0.02413623186
204	Côte d'Ivoire	Ghana	CIV	Africa	GHA	619	0.001615508885	0.1555668362	0.03094579304	0.03094579304
205	Côte d'Ivoire	Guinea	CIV	Africa	GIN	975	0.001025641026	0.1452973607	0.01913180228	0.01913180228
206	Côte d'Ivoire	Liberia	CIV	Africa	LBR	608	0.001644736842	0.1560019841	0.03153117637	0.03153117637
207	Côte d'Ivoire	Mali	CIV	Africa	MLI	726	0.001377410468	0.151801504	0.02617711061	0.02617711061
208	Croatia	Bosnia and Herzegovina	HRV	Europe	BIH	299	0.003344481605	0.1754249449	0.0655740024	0.0655740024
209	Croatia	Hungary	HRV	Europe	HUN	328	0.003048780488	0.1726217246	0.05965164163	0.05965164163
210	Croatia	Montenegro	HRV	Europe	MNE	394	0.002538071066	0.1673261854	0.0494230518	0.0494230518
211	Croatia	Serbia	HRV	Europe	SRB	373	0.002680965147	0.1688738929	0.05228496288	0.05228496288
212	Croatia	Slovenia	HRV	Europe	SVN	155	0.006451612903	0.1982779514	0.1278042457	0.1278042457
213	Cuba	Cayman Islands	CUB	Americas	CYM	429	0.002331002331	0.1649768386	0.04527583801	0.04527583801
214	Cuba	Mexico	CUB	Americas	MEX	1788	0.0005592841163	0.133531798	0.009791513391	0.009791513391
215	Cuba	United States of America	CUB	Americas	USA	1813	0.0005515719801	0.1332846718	0.009637053194	0.009637053194
216	Cuba	United States of America	CUB	Americas	USA	1813	0.0005515719801	0.1332846718	0.009637053194	0.009637053194
217	Cyprus	Greece	CYP	Asia	GRC	924	0.001082251082	0.1464404985	0.02026559975	0.02026559975
218	Cyprus	Turkey	CYP	Asia	TUR	456	0.002192982456	0.1633321641	0.04251154852	0.04251154852
219	Czechia	Austria	CZE	Europe	AUT	259	0.003861003861	0.1799587802	0.07591901282	0.07591901282
220	Czechia	Germany	CZE	Europe	DEU	237	0.004219409283	0.1828802124	0.08309722786	0.08309722786
221	Czechia	Germany	CZE	Europe	DEU	523	0.001912045889	0.15975509	0.03688489511	0.03688489511
222	Czechia	Poland	CZE	Europe	POL	517	0.001934235977	0.1600501181	0.03732932259	0.03732932259
223	Czechia	Slovakia	CZE	Europe	SVK	295	0.003389830508	0.1758403962	0.06648225925	0.06648225925
224	Denmark	Germany	DNK	Europe	DEU	342	0.002923976608	0.1713851648	0.05715204472	0.05715204472
225	Denmark	Germany	DNK	Europe	DEU	662	0.001510574018	0.1539582934	0.02884413666	0.02884413666
226	Denmark	Sweden	DNK	Europe	SWE	552	0.001811594203	0.1583895446	0.03487302877	0.03487302877
227	Djibouti	Eritrea	DJI	Africa	ERI	613	0.00163132137	0.1558029202	0.03126248864	0.03126248864
228	Djibouti	Ethiopia	DJI	Africa	ETH	549	0.001821493625	0.1585263783	0.03507129636	0.03507129636
229	Djibouti	Ethiopia	DJI	Africa	ETH	549	0.001821493625	0.1585263783	0.03507129636	0.03507129636
230	Djibouti	Somalia	DJI	Africa	SOM	1085	0.0009216589862	0.1430751226	0.01704922932	0.01704922932
231	Dominica	Guadeloupe	DMA	Americas	GLP	84	0.0119047619	0.2256920214	0.237020998	0.237020998
232	Dominican Republic	Haiti	DOM	Americas	HTI	246	0.00406504065	0.1816421034	0.08000550221	0.08000550221
233	Dominican Republic	Puerto Rico	DOM	Americas	PRI	400	0.0025	0.1669041003	0.04866055693	0.04866055693
234	East Timor	Indonesia	TLS	Asia	IDN	2085	0.000479616307	0.1308468227	0.008195910667	0.008195910667
235	Ecuador	Colombia	ECU	Americas	COL	705	0.001418439716	0.1524809147	0.02699885255	0.02699885255
236	Ecuador	Peru	ECU	Americas	PER	1349	0.0007412898443	0.1387517009	0.01343676029	0.01343676029
237	Egypt	Israel	EGY	Africa	ISR	401	0.002493765586	0.1668345738	0.04853569284	0.04853569284
238	Egypt	Libya	EGY	Africa	LBY	1712	0.0005841121495	0.1343108016	0.01028877418	0.01028877418
239	Egypt	Sudan	EGY	Africa	SDN	1667	0.000599880024	0.1347930362	0.0106045763	0.0106045763
240	Egypt	Sudan	EGY	Africa	SDN	1667	0.000599880024	0.1347930362	0.0106045763	0.0106045763
241	El Salvador	Guatemala	SLV	Americas	GTM	171	0.005847953216	0.1944895828	0.1157140295	0.1157140295
242	El Salvador	Honduras	SLV	Americas	HND	201	0.004975124378	0.1885616643	0.09823284003	0.09823284003
243	Equatorial Guinea	Cameroon	GNQ	Africa	CMR	205	0.00487804878	0.1878636343	0.09628859066	0.09628859066
244	Equatorial Guinea	Gabon	GNQ	Africa	GAB	225	0.004444444444	0.1846346865	0.08760427682	0.08760427682
245	Eritrea	Djibouti	ERI	Africa	DJI	613	0.00163132137	0.1558029202	0.03126248864	0.03126248864
246	Eritrea	Ethiopia	ERI	Africa	ETH	704	0.001420454545	0.1525139246	0.02703920595	0.02703920595
247	Eritrea	Ethiopia	ERI	Africa	ETH	704	0.001420454545	0.1525139246	0.02703920595	0.02703920595
248	Eritrea	South Sudan	ERI	Africa	SSD	1415	0.0007067137809	0.1378381637	0.01274426402	0.01274426402
249	Eritrea	Sudan	ERI	Africa	SDN	671	0.001490312966	0.1536388799	0.02843834428	0.02843834428
250	Eritrea	Sudan	ERI	Africa	SDN	671	0.001490312966	0.1536388799	0.02843834428	0.02843834428
251	Estonia	Latvia	EST	Europe	LVA	329	0.003039513678	0.1725310621	0.05946604412	0.05946604412
252	Estonia	Russian Federation	EST	Europe	RUS	898	0.001113585746	0.1470551457	0.02089317663	0.02089317663
253	Ethiopia	Djibouti	ETH	Africa	DJI	549	0.001821493625	0.1585263783	0.03507129636	0.03507129636
254	Ethiopia	Djibouti	ETH	Africa	DJI	549	0.001821493625	0.1585263783	0.03507129636	0.03507129636
255	Ethiopia	Eritrea	ETH	Africa	ERI	704	0.001420454545	0.1525139246	0.02703920595	0.02703920595
256	Ethiopia	Eritrea	ETH	Africa	ERI	704	0.001420454545	0.1525139246	0.02703920595	0.02703920595
257	Ethiopia	Kenya	ETH	Africa	KEN	1133	0.0008826125331	0.1421944303	0.0162671992	0.0162671992
258	Ethiopia	Kenya	ETH	Africa	KEN	1133	0.0008826125331	0.1421944303	0.0162671992	0.0162671992
259	Ethiopia	Somalia	ETH	Africa	SOM	1070	0.0009345794393	0.143360668	0.01730800273	0.01730800273
260	Ethiopia	Somalia	ETH	Africa	SOM	1070	0.0009345794393	0.143360668	0.01730800273	0.01730800273
261	Ethiopia	South Sudan	ETH	Africa	SSD	915	0.001092896175	0.1466507018	0.02047880178	0.02047880178
262	Ethiopia	Sudan	ETH	Africa	SDN	936	0.001068376068	0.1461643092	0.01998770821	0.01998770821
263	Ethiopia	Sudan	ETH	Africa	SDN	936	0.001068376068	0.1461643092	0.01998770821	0.01998770821
264	Ethiopia	Sudan	ETH	Africa	SDN	936	0.001068376068	0.1461643092	0.01998770821	0.01998770821
265	Ethiopia	Sudan	ETH	Africa	SDN	936	0.001068376068	0.1461643092	0.01998770821	0.01998770821
266	Falkland Islands (Malvinas)	Argentina	FLK	Americas	ARG	1901	0.0005260389269	0.1324479568	0.009125672127	0.009125672127
267	Faroe Islands	United Kingdom of Great Britain and Northern Ireland	FRO	Europe	GBR	1235	0.0008097165992	0.1404725955	0.01480722494	0.01480722494
268	Fiji	New Caledonia	FJI	Oceania	NCL	1332	0.0007507507508	0.1389962857	0.01362624521	0.01362624521
269	Fiji	Samoa	FJI	Oceania	WSM	823	0.001215066829	0.1489656673	0.02292565992	0.02292565992
270	Fiji	Tuvalu	FJI	Oceania	TUV	1073	0.0009319664492	0.1433031485	0.01725566924	0.01725566924
271	Fiji	Vanuatu	FJI	Oceania	VUT	1242	0.0008051529791	0.1403611553	0.01471582385	0.01471582385
272	Fiji	Wallis and Futuna	FJI	Oceania	WLF	792	0.001262626263	0.1498225788	0.02387818972	0.02387818972
273	Finland	Norway	FIN	Europe	NOR	803	0.001245330012	0.1495136013	0.02353177699	0.02353177699
274	Finland	Russian Federation	FIN	Europe	RUS	939	0.001064962726	0.1460959763	0.01991934512	0.01991934512
275	Finland	Sweden	FIN	Europe	SWE	400	0.0025	0.1669041003	0.04866055693	0.04866055693
276	France	Belgium	FRA	Europe	BEL	266	0.003759398496	0.1790992498	0.07388404038	0.07388404038
277	France	Belgium	FRA	Europe	BEL	266	0.003759398496	0.1790992498	0.07388404038	0.07388404038
278	France	Germany	FRA	Europe	DEU	909	0.001100110011	0.1467923287	0.02062328193	0.02062328193
279	France	Germany	FRA	Europe	DEU	415	0.002409638554	0.165884837	0.04685077993	0.04685077993
280	France	Italy	FRA	Europe	ITA	1127	0.0008873114463	0.1423018705	0.01636130997	0.01636130997
281	France	Luxembourg	FRA	Europe	LUX	336	0.002976190476	0.1719066342	0.05819779445	0.05819779445
282	France	Spain	FRA	Europe	ESP	1012	0.0009881422925	0.1445152729	0.0183807702	0.0183807702
283	France	Switzerland	FRA	Europe	CHE	438	0.002283105023	0.164413681	0.0443165412	0.0443165412
284	French Guiana	Brazil	GUF	Americas	BRA	2354	0.000424808836	0.1288017231	0.007098215743	0.007098215743
285	French Guiana	Suriname	GUF	Americas	SUR	330	0.00303030303	0.1724407695	0.05928157144	0.05928157144
286	French Polynesia	Cook Islands	PYF	Oceania	COK	1144	0.0008741258741	0.1419993416	0.01609722671	0.01609722671
287	Gabon	Cameroon	GAB	Africa	CMR	405	0.002469135802	0.1665587625	0.04804240264	0.04804240264
288	Gabon	Congo	GAB	Africa	COG	790	0.001265822785	0.1498793558	0.0239422103	0.0239422103
289	Gabon	Equatorial Guinea	GAB	Africa	GNQ	225	0.004444444444	0.1846346865	0.08760427682	0.08760427682
290	Gambia	Senegal	GMB	Africa	SEN	144	0.006944444444	0.2012148022	0.1376747738	0.1376747738
291	Georgia	Azerbaijan	GEO	Asia	AZE	425	0.002352941176	0.1652321987	0.04571523357	0.04571523357
292	Georgia	Russian Federation	GEO	Asia	RUS	1751	0.0005711022273	0.1339056939	0.01002820887	0.01002820887
293	Georgia	Turkey	GEO	Asia	TUR	1033	0.000968054211	0.1440876001	0.01797844211	0.01797844211
294	Germany	Austria	DEU	Europe	AUT	492	0.002032520325	0.1613299078	0.03929778106	0.03929778106
295	Germany	Austria	DEU	Europe	AUT	705	0.001418439716	0.1524809147	0.02699885255	0.02699885255
296	Germany	Belgium	DEU	Europe	BEL	676	0.001479289941	0.1534638382	0.02821757294	0.02821757294
297	Germany	Belgium	DEU	Europe	BEL	676	0.001479289941	0.1534638382	0.02821757294	0.02821757294
298	Germany	Belgium	DEU	Europe	BEL	202	0.00495049505	0.1883853749	0.09773955894	0.09773955894
299	Germany	Belgium	DEU	Europe	BEL	202	0.00495049505	0.1883853749	0.09773955894	0.09773955894
300	Germany	Czechia	DEU	Europe	CZE	237	0.004219409283	0.1828802124	0.08309722786	0.08309722786
301	Germany	Czechia	DEU	Europe	CZE	523	0.001912045889	0.15975509	0.03688489511	0.03688489511
302	Germany	Denmark	DEU	Europe	DNK	342	0.002923976608	0.1713851648	0.05715204472	0.05715204472
303	Germany	Denmark	DEU	Europe	DNK	662	0.001510574018	0.1539582934	0.02884413666	0.02884413666
304	Germany	France	DEU	Europe	FRA	909	0.001100110011	0.1467923287	0.02062328193	0.02062328193
305	Germany	France	DEU	Europe	FRA	415	0.002409638554	0.165884837	0.04685077993	0.04685077993
306	Germany	Luxembourg	DEU	Europe	LUX	574	0.001742160279	0.1574151328	0.03348239233	0.03348239233
307	Germany	Luxembourg	DEU	Europe	LUX	80	0.0125	0.2282049114	0.2489425449	0.2489425449
308	Germany	Netherlands	DEU	Europe	NLD	592	0.001689189189	0.1566537104	0.03242147682	0.03242147682
309	Germany	Netherlands	DEU	Europe	NLD	273	0.003663003663	0.1782699043	0.0719534255	0.0719534255
310	Germany	Poland	DEU	Europe	POL	524	0.001908396947	0.1597063528	0.03681181336	0.03681181336
311	Germany	Poland	DEU	Europe	POL	1000	0.001	0.1447648273	0.01861825872	0.01861825872
312	Germany	Switzerland	DEU	Europe	CHE	799	0.001251564456	0.149625317	0.02365664165	0.02365664165
313	Germany	Switzerland	DEU	Europe	CHE	441	0.002267573696	0.1642293694	0.04400547671	0.04400547671
314	Ghana	Burkina Faso	GHA	Africa	BFA	797	0.001254705144	0.1496814477	0.02371954399	0.02371954399
315	Ghana	Côte d'Ivoire	GHA	Africa	CIV	619	0.001615508885	0.1555668362	0.03094579304	0.03094579304
316	Ghana	Togo	GHA	Africa	TGO	154	0.006493506494	0.1985327397	0.1286432989	0.1286432989
317	Gibraltar	Spain	GIB	Europe	ESP	496	0.002016129032	0.1611194339	0.03896949299	0.03896949299
318	Greece	Albania	GRC	Europe	ALB	475	0.002105263158	0.1622503526	0.04075468898	0.04075468898
319	Greece	Bulgaria	GRC	Europe	BGR	453	0.002207505519	0.1635084432	0.04280241931	0.04280241931
320	Greece	North Macedonia	GRC	Europe	MKD	481	0.002079002079	0.1619205783	0.04022872687	0.04022872687
321	Greece	Turkey	GRC	Europe	TUR	806	0.001240694789	0.1494302879	0.02343894181	0.02343894181
322	Greenland	Iceland	GRL	Americas	ISL	1429	0.000699790063	0.1376513615	0.01260559442	0.01260559442
323	Grenada	Trinidad and Tobago	GRD	Americas	TTO	165	0.006060606061	0.1958501134	0.119973083	0.119973083
324	Guadeloupe	Antigua and Barbuda	GLP	Americas	ATG	125	0.008	0.2071116449	0.1588156503	0.1588156503
325	Guam	Northern Mariana Islands	GUM	Oceania	MNP	220	0.004545454545	0.1854039775	0.0896273272	0.0896273272
326	Guam	Palau	GUM	Oceania	PLW	1291	0.0007745933385	0.1396029504	0.0141037693	0.0141037693
327	Guatemala	Belize	GTM	Americas	BLZ	400	0.0025	0.1669041003	0.04866055693	0.04866055693
328	Guatemala	El Salvador	GTM	Americas	SLV	171	0.005847953216	0.1944895828	0.1157140295	0.1157140295
329	Guatemala	Honduras	GTM	Americas	HND	345	0.002898550725	0.171129015	0.05664281007	0.05664281007
330	Guatemala	Mexico	GTM	Americas	MEX	1065	0.0009389671362	0.1434569964	0.01739588039	0.01739588039
331	Guernsey	France	GGY	Europe	FRA	361	0.002770083102	0.1698116359	0.054069835	0.054069835
332	Guernsey	United Kingdom of Great Britain and Northern Ireland	GGY	Europe	GBR	284	0.003521126761	0.1770232892	0.06911188669	0.06911188669
333	Guinea	Côte d'Ivoire	GIN	Africa	CIV	975	0.001025641026	0.1452973607	0.01913180228	0.01913180228
334	Guinea	Guinea-Bissau	GIN	Africa	GNB	315	0.003174603175	0.1738352669	0.06217164342	0.06217164342
335	Guinea	Liberia	GIN	Africa	LBR	458	0.002183406114	0.1632154972	0.04231975163	0.04231975163
336	Guinea	Mali	GIN	Africa	MLI	704	0.001420454545	0.1525139246	0.02703920595	0.02703920595
337	Guinea	Senegal	GIN	Africa	SEN	696	0.001436781609	0.1527802259	0.02736620763	0.02736620763
338	Guinea	Sierra Leone	GIN	Africa	SLE	117	0.008547008547	0.2099881301	0.1697712463	0.1697712463
339	Guinea-Bissau	Guinea	GNB	Africa	GIN	315	0.003174603175	0.1738352669	0.06217164342	0.06217164342
340	Guinea-Bissau	Senegal	GNB	Africa	SEN	387	0.002583979328	0.1678295945	0.05034251161	0.05034251161
341	Guyana	Brazil	GUY	Americas	BRA	2714	0.0003684598379	0.1264833518	0.005969646806	0.005969646806
342	Guyana	Suriname	GUY	Americas	SUR	341	0.00293255132	0.1714712194	0.05732378075	0.05732378075
343	Guyana	Venezuela (Bolivarian Republic of)	GUY	Americas	VEN	1042	0.0009596928983	0.1439077264	0.01781098008	0.01781098008
344	Haiti	Cuba	HTI	Americas	CUB	1152	0.0008680555556	0.1418589656	0.01597564916	0.01597564916
345	Haiti	Dominican Republic	HTI	Americas	DOM	246	0.00406504065	0.1816421034	0.08000550221	0.08000550221
346	Honduras	El Salvador	HND	Americas	SLV	201	0.004975124378	0.1885616643	0.09823284003	0.09823284003
347	Honduras	Guatemala	HND	Americas	GTM	345	0.002898550725	0.171129015	0.05664281007	0.05664281007
348	Honduras	Nicaragua	HND	Americas	NIC	247	0.004048582996	0.1815083525	0.07967588503	0.07967588503
349	Hong Kong	China	HKG	Asia	CHN	1973	0.000506842372	0.1317990083	0.00874119971	0.00874119971
350	Hungary	Austria	HUN	Europe	AUT	238	0.004201680672	0.1827394988	0.08274215573	0.08274215573
351	Hungary	Croatia	HUN	Europe	HRV	328	0.003048780488	0.1726217246	0.05965164163	0.05965164163
352	Hungary	Romania	HUN	Europe	ROU	639	0.001564945227	0.1548010512	0.02993309404	0.02993309404
353	Hungary	Serbia	HUN	Europe	SRB	346	0.00289017341	0.1710442952	0.05647502756	0.05647502756
354	Hungary	Slovakia	HUN	Europe	SVK	185	0.005405405405	0.1915578235	0.106850594	0.106850594
355	Hungary	Slovenia	HUN	Europe	SVN	375	0.002666666667	0.1687215254	0.05199859006	0.05199859006
356	Hungary	Ukraine	HUN	Europe	UKR	897	0.001114827202	0.1470792446	0.02091804075	0.02091804075
357	Iceland	Faroe Islands	ISL	Europe	FRO	802	0.001246882793	0.1495414623	0.02356287638	0.02356287638
358	India	Bangladesh	IND	Asia	BGD	1430	0.0006993006993	0.1376381079	0.01259579335	0.01259579335
359	India	Bangladesh	IND	Asia	BGD	1430	0.0006993006993	0.1376381079	0.01259579335	0.01259579335
360	India	Bhutan	IND	Asia	BTN	1220	0.0008196721311	0.1407141441	0.01500661632	0.01500661632
361	India	Bhutan	IND	Asia	BTN	1220	0.0008196721311	0.1407141441	0.01500661632	0.01500661632
362	India	China	IND	Asia	CHN	3780	0.0002645502646	0.1213963599	0.003888525214	0.003888525214
363	India	China	IND	Asia	CHN	3780	0.0002645502646	0.1213963599	0.003888525214	0.003888525214
364	India	Myanmar	IND	Asia	MMR	2347	0.0004260758415	0.1288511483	0.007123591581	0.007123591581
365	India	Myanmar	IND	Asia	MMR	2347	0.0004260758415	0.1288511483	0.007123591581	0.007123591581
366	India	Nepal	IND	Asia	NPL	795	0.001257861635	0.1497377617	0.02378276282	0.02378276282
367	India	Nepal	IND	Asia	NPL	795	0.001257861635	0.1497377617	0.02378276282	0.02378276282
368	India	Pakistan	IND	Asia	PAK	696	0.001436781609	0.1527802259	0.02736620763	0.02736620763
369	India	Pakistan	IND	Asia	PAK	696	0.001436781609	0.1527802259	0.02736620763	0.02736620763
370	India	Pakistan	IND	Asia	PAK	696	0.001436781609	0.1527802259	0.02736620763	0.02736620763
371	India	Pakistan	IND	Asia	PAK	696	0.001436781609	0.1527802259	0.02736620763	0.02736620763
372	Indonesia	East Timor	IDN	Asia	TLS	2085	0.000479616307	0.1308468227	0.008195910667	0.008195910667
373	Indonesia	Malaysia	IDN	Asia	MYS	1158	0.0008635578584	0.1417545023	0.01588556839	0.01588556839
374	Indonesia	Papua New Guinea	IDN	Asia	PNG	4472	0.0002236135957	0.118968434	0.003068637472	0.003068637472
375	Iran (Islamic Republic of)	Afghanistan	IRN	Asia	AFG	1618	0.0006180469716	0.135337298	0.01096842754	0.01096842754
376	Iran (Islamic Republic of)	Armenia	IRN	Asia	ARM	825	0.001212121212	0.1489118257	0.02286666453	0.02286666453
377	Iran (Islamic Republic of)	Azerbaijan	IRN	Asia	AZE	571	0.001751313485	0.1575450893	0.03366571457	0.03366571457
378	Iran (Islamic Republic of)	Iraq	IRN	Asia	IRQ	698	0.001432664756	0.1527132774	0.02728375448	0.02728375448
379	Iran (Islamic Republic of)	Pakistan	IRN	Asia	PAK	1987	0.0005032712632	0.131676297	0.008669676833	0.008669676833
380	Iran (Islamic Republic of)	Pakistan	IRN	Asia	PAK	1987	0.0005032712632	0.131676297	0.008669676833	0.008669676833
381	Iran (Islamic Republic of)	Turkey	IRN	Asia	TUR	1710	0.0005847953216	0.1343318912	0.01030245688	0.01030245688
382	Iran (Islamic Republic of)	Turkmenistan	IRN	Asia	TKM	653	0.001531393568	0.1542834375	0.02926111475	0.02926111475
383	Iraq	Iran (Islamic Republic of)	IRQ	Asia	IRN	698	0.001432664756	0.1527132774	0.02728375448	0.02728375448
384	Iraq	Jordan	IRQ	Asia	JOR	813	0.0012300123	0.1492374464	0.0232249908	0.0232249908
385	Iraq	Kuwait	IRQ	Asia	KWT	567	0.00176366843	0.1577197682	0.03391316187	0.03391316187
386	Iraq	Saudi Arabia	IRQ	Asia	SAU	1026	0.0009746588694	0.1442289034	0.01811072152	0.01811072152
387	Iraq	Turkey	IRQ	Asia	TUR	1233	0.0008110300081	0.1405045842	0.01483353016	0.01483353016
388	Ireland	United Kingdom of Great Britain and Northern Ireland	IRL	Europe	GBR	496	0.002016129032	0.1611194339	0.03896949299	0.03896949299
389	Isle of Man	Ireland	IMN	Europe	IRL	1482	0.0006747638327	0.1369647659	0.01210436411	0.01210436411
390	Isle of Man	United Kingdom of Great Britain and Northern Ireland	IMN	Europe	GBR	415	0.002409638554	0.165884837	0.04685077993	0.04685077993
391	Israel	Egypt	ISR	Asia	EGY	401	0.002493765586	0.1668345738	0.04853569284	0.04853569284
392	Israel	Jordan	ISR	Asia	JOR	149	0.006711409396	0.1998422723	0.1330075015	0.1330075015
393	Israel	Lebanon	ISR	Asia	LBN	136	0.007352941176	0.2035559231	0.1458562276	0.1458562276
394	Italy	Austria	ITA	Europe	AUT	823	0.001215066829	0.1489656673	0.02292565992	0.02292565992
395	Italy	France	ITA	Europe	FRA	1127	0.0008873114463	0.1423018705	0.01636130997	0.01636130997
396	Italy	Slovenia	ITA	Europe	SVN	566	0.001766784452	0.1577636914	0.03397557017	0.03397557017
397	Italy	Switzerland	ITA	Europe	CHE	703	0.001422475107	0.1525469958	0.02707967415	0.02707967415
398	Jamaica	Cuba	JAM	Americas	CUB	810	0.001234567901	0.1493198277	0.02331623128	0.02331623128
399	Jamaica	Haiti	JAM	Americas	HTI	480	0.002083333333	0.1619751613	0.04031547409	0.04031547409
400	Japan	Korea (Democratic People's Republic of)	JPN	Asia	PRK	1315	0.0007604562738	0.1392448927	0.01382062935	0.01382062935
401	Jersey	France	JEY	Europe	FRA	327	0.003058103976	0.1727127598	0.0598383743	0.0598383743
402	Jersey	United Kingdom of Great Britain and Northern Ireland	JEY	Europe	GBR	293	0.003412969283	0.176050988	0.06694568723	0.06694568723
403	Jordan	Iraq	JOR	Asia	IRQ	813	0.0012300123	0.1492374464	0.0232249908	0.0232249908
404	Jordan	Israel	JOR	Asia	ISR	149	0.006711409396	0.1998422723	0.1330075015	0.1330075015
405	Jordan	Saudi Arabia	JOR	Asia	SAU	1323	0.0007558578987	0.1391273926	0.01372853218	0.01372853218
406	Kazakhstan	China	KAZ	Asia	CHN	3280	0.0003048780488	0.1235239093	0.004696218094	0.004696218094
407	Kazakhstan	Kyrgyzstan	KAZ	Asia	KGZ	230	0.004347826087	0.1838884546	0.08566918515	0.08566918515
408	Kazakhstan	Russian Federation	KAZ	Asia	RUS	3119	0.0003206155819	0.1242966717	0.005011412536	0.005011412536
409	Kazakhstan	Turkmenistan	KAZ	Asia	TKM	1727	0.0005790387956	0.1341536187	0.01018716403	0.01018716403
410	Kazakhstan	Uzbekistan	KAZ	Asia	UZB	683	0.001464128843	0.1532216023	0.02791392347	0.02791392347
411	Kenya	Ethiopia	KEN	Africa	ETH	1133	0.0008826125331	0.1421944303	0.0162671992	0.0162671992
412	Kenya	Ethiopia	KEN	Africa	ETH	1133	0.0008826125331	0.1421944303	0.0162671992	0.0162671992
413	Kenya	Somalia	KEN	Africa	SOM	1003	0.0009970089731	0.1447020781	0.01855835384	0.01855835384
414	Kenya	South Sudan	KEN	Africa	SSD	894	0.001118568233	0.1471517504	0.02099296686	0.02099296686
415	Kenya	Tanzania, United Republic of	KEN	Africa	TZA	626	0.001597444089	0.1552951684	0.03058398772	0.03058398772
416	Kenya	Tanzania, United Republic of	KEN	Africa	TZA	626	0.001597444089	0.1552951684	0.03058398772	0.03058398772
417	Kenya	Uganda	KEN	Africa	UGA	496	0.002016129032	0.1611194339	0.03896949299	0.03896949299
418	Kiribati	United States of America	KIR	Oceania	USA	11623	8.60E-05	0.1068291476	0.0003132121896	0.0003132121896
419	Korea (Democratic People's Republic of)	China	PRK	Asia	CHN	820	0.001219512195	0.149046749	0.02301469261	0.02301469261
420	Korea (Democratic People's Republic of)	Korea, Republic of	PRK	Asia	KOR	238	0.004201680672	0.1827394988	0.08274215573	0.08274215573
421	Korea (Democratic People's Republic of)	Russian Federation	PRK	Asia	RUS	6443	0.0001552072016	0.1140153409	0.001698580612	0.001698580612
422	Korea, Republic of	Korea (Democratic People's Republic of)	KOR	Asia	PRK	238	0.004201680672	0.1827394988	0.08274215573	0.08274215573
423	Kuwait	Iraq	KWT	Asia	IRQ	567	0.00176366843	0.1577197682	0.03391316187	0.03391316187
424	Kuwait	Saudi Arabia	KWT	Asia	SAU	562	0.001779359431	0.1579404103	0.03422742434	0.03422742434
425	Kyrgyzstan	China	KGZ	Asia	CHN	3497	0.0002859593938	0.122554115	0.00431731151	0.00431731151
426	Kyrgyzstan	Kazakhstan	KGZ	Asia	KAZ	230	0.004347826087	0.1838884546	0.08566918515	0.08566918515
427	Kyrgyzstan	Tajikistan	KGZ	Asia	TJK	668	0.001497005988	0.1537447255	0.02857239346	0.02857239346
428	Kyrgyzstan	Uzbekistan	KGZ	Asia	UZB	458	0.002183406114	0.1632154972	0.04231975163	0.04231975163
429	Lao People's Democratic Republic	Cambodia	LAO	Asia	KHM	710	0.001408450704	0.1523167769	0.02679879063	0.02679879063
430	Lao People's Democratic Republic	China	LAO	Asia	CHN	2780	0.0003597122302	0.1261001258	0.005794447981	0.005794447981
431	Lao People's Democratic Republic	Myanmar	LAO	Asia	MMR	701	0.001426533524	0.1526133226	0.02716095693	0.02716095693
432	Lao People's Democratic Republic	Thailand	LAO	Asia	THA	503	0.001988071571	0.1607564512	0.03840755257	0.03840755257
433	Lao People's Democratic Republic	Viet Nam	LAO	Asia	VNM	826	0.001210653753	0.1488849683	0.02283727397	0.02283727397
434	Latvia	Belarus	LVA	Europe	BLR	404	0.002475247525	0.1666273738	0.04816480943	0.04816480943
435	Latvia	Estonia	LVA	Europe	EST	329	0.003039513678	0.1725310621	0.05946604412	0.05946604412
436	Latvia	Lithuania	LVA	Europe	LTU	241	0.004149377593	0.1823221556	0.08169461926	0.08169461926
437	Latvia	Russian Federation	LVA	Europe	RUS	854	0.001170960187	0.1481496583	0.02204228334	0.02204228334
438	Lebanon	Israel	LBN	Asia	ISR	136	0.007352941176	0.2035559231	0.1458562276	0.1458562276
439	Lesotho	South Africa	LSO	Africa	ZAF	999	0.001001001001	0.1447857977	0.01863830697	0.01863830697
440	Liberia	Côte d'Ivoire	LBR	Africa	CIV	608	0.001644736842	0.1560019841	0.03153117637	0.03153117637
441	Liberia	Guinea	LBR	Africa	GIN	458	0.002183406114	0.1632154972	0.04231975163	0.04231975163
442	Liberia	Sierra Leone	LBR	Africa	SLE	355	0.002816901408	0.1702963115	0.05500752134	0.05500752134
443	Libya	Algeria	LBY	Africa	DZA	1059	0.0009442870633	0.1435733617	0.01750242895	0.01750242895
444	Libya	Chad	LBY	Africa	TCD	2243	0.0004458314757	0.1296080601	0.00751926135	0.00751926135
445	Libya	Egypt	LBY	Africa	EGY	1712	0.0005841121495	0.1343108016	0.01028877418	0.01028877418
446	Libya	Niger	LBY	Africa	NER	2416	0.0004139072848	0.1283718708	0.006879877307	0.006879877307
447	Libya	Sudan	LBY	Africa	SDN	2715	0.0003683241252	0.1264774586	0.005966928726	0.005966928726
448	Libya	Sudan	LBY	Africa	SDN	2715	0.0003683241252	0.1264774586	0.005966928726	0.005966928726
449	Libya	Tunisia	LBY	Africa	TUN	535	0.001869158879	0.1591782139	0.03602594553	0.03602594553
450	Lithuania	Belarus	LTU	Europe	BLR	180	0.005555555556	0.1925685171	0.109857831	0.109857831
451	Lithuania	Latvia	LTU	Europe	LVA	241	0.004149377593	0.1823221556	0.08169461926	0.08169461926
452	Lithuania	Poland	LTU	Europe	POL	367	0.00272479564	0.1693376334	0.0531628087	0.0531628087
453	Lithuania	Russian Federation	LTU	Europe	RUS	791	0.001264222503	0.149850944	0.02391015955	0.02391015955
454	Luxembourg	Belgium	LUX	Europe	BEL	136	0.007352941176	0.2035559231	0.1458562276	0.1458562276
455	Luxembourg	Belgium	LUX	Europe	BEL	136	0.007352941176	0.2035559231	0.1458562276	0.1458562276
456	Luxembourg	France	LUX	Europe	FRA	336	0.002976190476	0.1719066342	0.05819779445	0.05819779445
457	Luxembourg	Germany	LUX	Europe	DEU	574	0.001742160279	0.1574151328	0.03348239233	0.03348239233
458	Luxembourg	Germany	LUX	Europe	DEU	80	0.0125	0.2282049114	0.2489425449	0.2489425449
459	Macao	China	MAC	Asia	CHN	1990	0.0005025125628	0.1316501438	0.008654481431	0.008654481431
460	Madagascar	Mayotte	MDG	Africa	MYT	726	0.001377410468	0.151801504	0.02617711061	0.02617711061
461	Malawi	Mozambique	MWI	Africa	MOZ	1448	0.0006906077348	0.1374015444	0.01242168893	0.01242168893
462	Malawi	Tanzania, United Republic of	MWI	Africa	TZA	996	0.001004016064	0.1448488716	0.01869869326	0.01869869326
463	Malawi	Tanzania, United Republic of	MWI	Africa	TZA	996	0.001004016064	0.1448488716	0.01869869326	0.01869869326
464	Malawi	Zambia	MWI	Africa	ZMB	594	0.001683501684	0.1565709872	0.03230756632	0.03230756632
465	Malaysia	Brunei	MYS	Asia	BRN	1451	0.0006891798759	0.1373624816	0.01239309149	0.01239309149
466	Malaysia	Indonesia	MYS	Asia	IDN	1158	0.0008635578584	0.1417545023	0.01588556839	0.01588556839
467	Malaysia	Philippines	MYS	Asia	PHL	2451	0.000407996736	0.1281352882	0.006761499662	0.006761499662
468	Malaysia	Singapore	MYS	Asia	SGP	326	0.003067484663	0.1728041702	0.06002625257	0.06002625257
469	Malaysia	Thailand	MYS	Asia	THA	1126	0.0008880994671	0.1423198487	0.01637709261	0.01637709261
470	Maldives	Sri Lanka	MDV	Asia	LKA	820	0.001219512195	0.149046749	0.02301469261	0.02301469261
471	Mali	Algeria	MLI	Africa	DZA	2888	0.0003462603878	0.1254969759	0.005525031807	0.005525031807
472	Mali	Burkina Faso	MLI	Africa	BFA	706	0.001416430595	0.1524479659	0.02695861347	0.02695861347
473	Mali	Côte d'Ivoire	MLI	Africa	CIV	726	0.001377410468	0.151801504	0.02617711061	0.02617711061
474	Mali	Guinea	MLI	Africa	GIN	704	0.001420454545	0.1525139246	0.02703920595	0.02703920595
475	Mali	Mauritania	MLI	Africa	MRT	1083	0.0009233610342	0.143112901	0.01708331828	0.01708331828
476	Mali	Niger	MLI	Africa	NER	1108	0.0009025270758	0.1426470061	0.01666605162	0.01666605162
477	Mali	Senegal	MLI	Africa	SEN	1052	0.0009505703422	0.1437101985	0.01762827171	0.01762827171
478	Malta	Italy	MLT	Europe	ITA	607	0.001647446458	0.1560420547	0.0315854451	0.0315854451
479	Malta	Tunisia	MLT	Europe	TUN	398	0.002512562814	0.1670438515	0.04891216746	0.04891216746
480	Marshall Islands	Nauru	MHL	Oceania	NRU	985	0.001015228426	0.1450822561	0.01892325668	0.01892325668
481	Martinique	Dominica	MTQ	Americas	DMA	85	0.01176470588	0.2250908168	0.2342159282	0.2342159282
482	Mauritania	Algeria	MRT	Africa	DZA	2740	0.0003649635036	0.1263310045	0.005899621529	0.005899621529
483	Mauritania	Mali	MRT	Africa	MLI	1083	0.0009233610342	0.143112901	0.01708331828	0.01708331828
484	Mauritania	Senegal	MRT	Africa	SEN	467	0.002141327623	0.1626987358	0.04147699526	0.04147699526
485	Mauritania	Western Sahara	MRT	Africa	ESH	976	0.001024590164	0.1452757224	0.01911075542	0.01911075542
486	Mauritius	Réunion	MUS	Africa	REU	228	0.004385964912	0.1841842587	0.08643303712	0.08643303712
487	Mayotte	Mozambique	MYT	Africa	MOZ	1975	0.0005063291139	0.1317814108	0.008730920075	0.008730920075
488	Mexico	Belize	MEX	Americas	BLZ	1178	0.0008488964346	0.1414112459	0.01559192648	0.01559192648
489	Mexico	Guatemala	MEX	Americas	GTM	1065	0.0009389671362	0.1434569964	0.01739588039	0.01739588039
490	Mexico	United States of America	MEX	Americas	USA	3024	0.0003306878307	0.1247764048	0.005213141537	0.005213141537
491	Mexico	United States of America	MEX	Americas	USA	3024	0.0003306878307	0.1247764048	0.005213141537	0.005213141537
492	Micronesia (Federated States of)	Papua New Guinea	FSM	Oceania	PNG	2147	0.0004657661854	0.1303470511	0.007918517678	0.007918517678
493	Moldova, Republic of	Romania	MDA	Europe	ROU	390	0.002564102564	0.1676123709	0.04994441582	0.04994441582
494	Moldova, Republic of	Romania	MDA	Europe	ROU	390	0.002564102564	0.1676123709	0.04994441582	0.04994441582
495	Moldova, Republic of	Ukraine	MDA	Europe	UKR	360	0.002777777778	0.1698916626	0.05422394548	0.05422394548
496	Moldova, Republic of	Ukraine	MDA	Europe	UKR	360	0.002777777778	0.1698916626	0.05422394548	0.05422394548
497	Mongolia	China	MNG	Asia	CHN	1166	0.0008576329331	0.1416162935	0.01576690281	0.01576690281
498	Mongolia	Russian Federation	MNG	Asia	RUS	4714	0.0002121340687	0.1182271776	0.002838723224	0.002838723224
499	Montenegro	Albania	MNE	Europe	ALB	157	0.006369426752	0.197775195	0.1261582052	0.1261582052
500	Montenegro	Bosnia and Herzegovina	MNE	Europe	BIH	96	0.01041666667	0.2190893328	0.2072171308	0.2072171308
501	Montenegro	Croatia	MNE	Europe	HRV	394	0.002538071066	0.1673261854	0.0494230518	0.0494230518
502	Montenegro	Serbia	MNE	Europe	SRB	209	0.004784688995	0.1871840946	0.09441876232	0.09441876232
503	Morocco	Algeria	MAR	Africa	DZA	958	0.001043841336	0.1456696539	0.01949632172	0.01949632172
504	Morocco	Spain	MAR	Africa	ESP	822	0.001216545012	0.1489926519	0.02295526528	0.02295526528
505	Morocco	Western Sahara	MAR	Africa	ESH	1865	0.0005361930295	0.1327842028	0.009329040513	0.009329040513
506	Mozambique	Madagascar	MOZ	Africa	MDG	1795	0.0005571030641	0.1334621635	0.009747830843	0.009747830843
507	Mozambique	Malawi	MOZ	Africa	MWI	1448	0.0006906077348	0.1374015444	0.01242168893	0.01242168893
508	Mozambique	South Africa	MOZ	Africa	ZAF	1622	0.0006165228113	0.1352920879	0.01093790135	0.01093790135
509	Mozambique	Swaziland	MOZ	Africa	SWZ	133	0.007518796992	0.2044843781	0.1491780208	0.1491780208
510	Mozambique	Tanzania, United Republic of	MOZ	Africa	TZA	2338	0.0004277159966	0.128914968	0.007156440933	0.007156440933
511	Mozambique	Tanzania, United Republic of	MOZ	Africa	TZA	2338	0.0004277159966	0.128914968	0.007156440933	0.007156440933
512	Mozambique	Zambia	MOZ	Africa	ZMB	1293	0.0007733952049	0.1395727882	0.01407977284	0.01407977284
513	Mozambique	Zimbabwe	MOZ	Africa	ZWE	1012	0.0009881422925	0.1445152729	0.0183807702	0.0183807702
514	Myanmar	Bangladesh	MMR	Asia	BGD	978	0.001022494888	0.1452325315	0.0190687908	0.0190687908
515	Myanmar	China	MMR	Asia	CHN	3222	0.0003103662322	0.1237967335	0.004806136521	0.004806136521
516	Myanmar	India	MMR	Asia	IND	2347	0.0004260758415	0.1288511483	0.007123591581	0.007123591581
517	Myanmar	India	MMR	Asia	IND	2347	0.0004260758415	0.1288511483	0.007123591581	0.007123591581
518	Myanmar	Lao People's Democratic Republic	MMR	Asia	LAO	701	0.001426533524	0.1526133226	0.02716095693	0.02716095693
519	Myanmar	Thailand	MMR	Asia	THA	573	0.001745200698	0.1574583522	0.03354328645	0.03354328645
520	Namibia	Angola	NAM	Africa	AGO	1606	0.0006226650062	0.1354737849	0.01106091845	0.01106091845
521	Namibia	Botswana	NAM	Africa	BWA	931	0.001074113856	0.1462788287	0.02010262577	0.02010262577
522	Namibia	South Africa	NAM	Africa	ZAF	1270	0.0007874015748	0.1399233073	0.0143602952	0.0143602952
523	Namibia	Zambia	NAM	Africa	ZMB	1425	0.000701754386	0.1377044946	0.01264493627	0.01264493627
524	Nauru	Micronesia (Federated States of)	NRU	Oceania	FSM	1278	0.0007824726135	0.1398004727	0.01426157698	0.01426157698
525	Nepal	China	NPL	Asia	CHN	3159	0.0003165558721	0.1241001067	0.004930103861	0.004930103861
526	Nepal	India	NPL	Asia	IND	795	0.001257861635	0.1497377617	0.02378276282	0.02378276282
527	Nepal	India	NPL	Asia	IND	795	0.001257861635	0.1497377617	0.02378276282	0.02378276282
528	Netherlands	Belgium	NLD	Europe	BEL	219	0.004566210046	0.1855607144	0.09004302249	0.09004302249
529	Netherlands	Belgium	NLD	Europe	BEL	219	0.004566210046	0.1855607144	0.09004302249	0.09004302249
530	Netherlands	Germany	NLD	Europe	DEU	592	0.001689189189	0.1566537104	0.03242147682	0.03242147682
531	Netherlands	Germany	NLD	Europe	DEU	273	0.003663003663	0.1782699043	0.0719534255	0.0719534255
532	New Caledonia	Australia	NCL	Oceania	AUS	2216	0.0004512635379	0.1298118149	0.007628055772	0.007628055772
533	New Caledonia	Vanuatu	NCL	Oceania	VUT	540	0.001851851852	0.1589428611	0.03567931696	0.03567931696
534	New Zealand	Australia	NZL	Oceania	AUS	2334	0.0004284490146	0.1289434316	0.007171121963	0.007171121963
535	Nicaragua	Costa Rica	NIC	Americas	CRI	337	0.00296735905	0.1718188576	0.0580209169	0.0580209169
536	Nicaragua	Honduras	NIC	Americas	HND	247	0.004048582996	0.1815083525	0.07967588503	0.07967588503
537	Niger	Algeria	NER	Africa	DZA	2561	0.0003904724717	0.1274185135	0.006410520212	0.006410520212
538	Niger	Benin	NER	Africa	BEN	780	0.001282051282	0.1501660705	0.02426723787	0.02426723787
539	Niger	Burkina Faso	NER	Africa	BFA	413	0.002421307506	0.1660178801	0.04708448801	0.04708448801
540	Niger	Chad	NER	Africa	TCD	1397	0.0007158196135	0.138081832	0.01292663745	0.01292663745
541	Niger	Libya	NER	Africa	LBY	2416	0.0004139072848	0.1283718708	0.006879877307	0.006879877307
542	Niger	Mali	NER	Africa	MLI	1108	0.0009025270758	0.1426470061	0.01666605162	0.01666605162
543	Niger	Nigeria	NER	Africa	NGA	788	0.001269035533	0.14993632	0.02400655586	0.02400655586
544	Nigeria	Benin	NGA	Africa	BEN	74	0.01351351351	0.2323384936	0.2692413951	0.2692413951
545	Nigeria	Cameroon	NGA	Africa	CMR	963	0.001038421599	0.1455592759	0.01938777415	0.01938777415
546	Nigeria	Chad	NGA	Africa	TCD	1441	0.000693962526	0.1374930935	0.01248887935	0.01248887935
547	Nigeria	Niger	NGA	Africa	NER	788	0.001269035533	0.14993632	0.02400655586	0.02400655586
548	Niue	Tonga	NIU	Oceania	TON	600	0.001666666667	0.1563249956	0.03197039126	0.03197039126
549	Norfolk Island	New Zealand	NFK	Oceania	NZL	1493	0.0006697923644	0.136826181	0.01200479455	0.01200479455
550	North Macedonia	Albania	MKD	Europe	ALB	172	0.005813953488	0.1942692711	0.1150330762	0.1150330762
551	North Macedonia	Bulgaria	MKD	Europe	BGR	151	0.006622516556	0.199311187	0.1312271381	0.1312271381
552	North Macedonia	Greece	MKD	Europe	GRC	481	0.002079002079	0.1619205783	0.04022872687	0.04022872687
553	North Macedonia	Serbia	MKD	Europe	SRB	245	0.004081632653	0.1817765976	0.08033781013	0.08033781013
554	Northern Mariana Islands	Guam	MNP	Oceania	GUM	220	0.004545454545	0.1854039775	0.0896273272	0.0896273272
555	Norway	Finland	NOR	Europe	FIN	803	0.001245330012	0.1495136013	0.02353177699	0.02353177699
556	Norway	Russian Federation	NOR	Europe	RUS	1677	0.0005963029219	0.1346844562	0.01053293339	0.01053293339
557	Norway	Sweden	NOR	Europe	SWE	419	0.002386634845	0.1656212949	0.04639005706	0.04639005706
558	Oman	Saudi Arabia	OMN	Asia	SAU	1194	0.000837520938	0.1411419796	0.01536409577	0.01536409577
559	Oman	United Arab Emirates	OMN	Asia	ARE	422	0.002369668246	0.1654258265	0.04605024666	0.04605024666
560	Oman	Yemen	OMN	Asia	YEM	1747	0.0005724098454	0.1339467144	0.0100543981	0.0100543981
561	Pakistan	Afghanistan	PAK	Asia	AFG	371	0.00269541779	0.1690273573	0.05257442327	0.05257442327
562	Pakistan	Afghanistan	PAK	Asia	AFG	371	0.00269541779	0.1690273573	0.05257442327	0.05257442327
563	Pakistan	China	PAK	Asia	CHN	3910	0.0002557544757	0.1209000868	0.003712361406	0.003712361406
564	Pakistan	China	PAK	Asia	CHN	3910	0.0002557544757	0.1209000868	0.003712361406	0.003712361406
565	Pakistan	India	PAK	Asia	IND	696	0.001436781609	0.1527802259	0.02736620763	0.02736620763
566	Pakistan	India	PAK	Asia	IND	696	0.001436781609	0.1527802259	0.02736620763	0.02736620763
567	Pakistan	India	PAK	Asia	IND	696	0.001436781609	0.1527802259	0.02736620763	0.02736620763
568	Pakistan	India	PAK	Asia	IND	696	0.001436781609	0.1527802259	0.02736620763	0.02736620763
569	Pakistan	Iran (Islamic Republic of)	PAK	Asia	IRN	1987	0.0005032712632	0.131676297	0.008669676833	0.008669676833
570	Pakistan	Iran (Islamic Republic of)	PAK	Asia	IRN	1987	0.0005032712632	0.131676297	0.008669676833	0.008669676833
571	Palau	Guam	PLW	Oceania	GUM	1291	0.0007745933385	0.1396029504	0.0141037693	0.0141037693
572	Palau	Indonesia	PLW	Oceania	IDN	3416	0.0002927400468	0.1229071138	0.004453115778	0.004453115778
573	Palau	Philippines	PLW	Oceania	PHL	1644	0.0006082725061	0.1350459396	0.0107726626	0.0107726626
574	Panama	Colombia	PAN	Americas	COL	760	0.001315789474	0.1507541075	0.02494295308	0.02494295308
575	Panama	Colombia	PAN	Americas	COL	760	0.001315789474	0.1507541075	0.02494295308	0.02494295308
576	Panama	Costa Rica	PAN	Americas	CRI	523	0.001912045889	0.15975509	0.03688489511	0.03688489511
577	Panama	Costa Rica	PAN	Americas	CRI	523	0.001912045889	0.15975509	0.03688489511	0.03688489511
578	Papua New Guinea	Australia	PNG	Oceania	AUS	2893	0.0003456619426	0.1254697382	0.005513046027	0.005513046027
579	Papua New Guinea	Indonesia	PNG	Oceania	IDN	4472	0.0002236135957	0.118968434	0.003068637472	0.003068637472
580	Papua New Guinea	Solomon Islands	PNG	Oceania	SLB	1287	0.000777000777	0.1396634545	0.01415198595	0.01415198595
581	Paraguay	Argentina	PRY	Americas	ARG	1003	0.0009970089731	0.1447020781	0.01855835384	0.01855835384
582	Paraguay	Bolivia	PRY	Americas	BOL	1480	0.0006756756757	0.1369901039	0.01212262668	0.01212262668
583	Paraguay	Brazil	PRY	Americas	BRA	1509	0.0006626905235	0.1366269079	0.01186255747	0.01186255747
584	Peru	Bolivia	PER	Americas	BOL	1069	0.000935453695	0.1433798873	0.0173255125	0.0173255125
585	Peru	Brazil	PER	Americas	BRA	3185	0.0003139717425	0.1239739979	0.0048783484	0.0048783484
586	Peru	Chile	PER	Americas	CHL	2425	0.000412371134	0.1283106258	0.006849110975	0.006849110975
587	Peru	Colombia	PER	Americas	COL	1880	0.0005319148936	0.1326431107	0.009243357157	0.009243357157
588	Peru	Ecuador	PER	Americas	ECU	1349	0.0007412898443	0.1387517009	0.01343676029	0.01343676029
589	Philippines	Indonesia	PHL	Asia	IDN	2726	0.0003668378577	0.1264128115	0.005937161464	0.005937161464
590	Poland	Belarus	POL	Europe	BLR	454	0.002202643172	0.1634495118	0.04270503526	0.04270503526
591	Poland	Czechia	POL	Europe	CZE	517	0.001934235977	0.1600501181	0.03732932259	0.03732932259
592	Poland	Germany	POL	Europe	DEU	524	0.001908396947	0.1597063528	0.03681181336	0.03681181336
593	Poland	Germany	POL	Europe	DEU	1000	0.001	0.1447648273	0.01861825872	0.01861825872
594	Poland	Lithuania	POL	Europe	LTU	367	0.00272479564	0.1693376334	0.0531628087	0.0531628087
595	Poland	Russian Federation	POL	Europe	RUS	1138	0.0008787346221	0.1421054534	0.01618953163	0.01618953163
596	Poland	Slovakia	POL	Europe	SVK	530	0.001886792453	0.1594164845	0.03637911427	0.03637911427
597	Poland	Ukraine	POL	Europe	UKR	688	0.001453488372	0.1530505538	0.02770081399	0.02770081399
598	Portugal	Spain	PRT	Europe	ESP	523	0.001912045889	0.15975509	0.03688489511	0.03688489511
599	Puerto Rico	Dominican Republic	PRI	Americas	DOM	400	0.0025	0.1669041003	0.04866055693	0.04866055693
600	Qatar	Saudi Arabia	QAT	Asia	SAU	474	0.002109704641	0.1623058514	0.04084364389	0.04084364389
601	Réunion	Madagascar	REU	Africa	MDG	851	0.001175088132	0.1482269362	0.02212495863	0.02212495863
602	Romania	Bulgaria	ROU	Europe	BGR	317	0.003154574132	0.1736442189	0.06177049778	0.06177049778
603	Romania	Hungary	ROU	Europe	HUN	639	0.001564945227	0.1548010512	0.02993309404	0.02993309404
604	Romania	Moldova, Republic of	ROU	Europe	MDA	390	0.002564102564	0.1676123709	0.04994441582	0.04994441582
605	Romania	Moldova, Republic of	ROU	Europe	MDA	390	0.002564102564	0.1676123709	0.04994441582	0.04994441582
606	Romania	Serbia	ROU	Europe	SRB	452	0.002212389381	0.1635675474	0.04290023426	0.04290023426
607	Romania	Ukraine	ROU	Europe	UKR	744	0.001344086022	0.1512392308	0.02550968197	0.02550968197
608	Russian Federation	Azerbaijan	RUS	Europe	AZE	1897	0.0005271481286	0.1324849181	0.00914788744	0.00914788744
609	Russian Federation	Belarus	RUS	Europe	BLR	688	0.001453488372	0.1530505538	0.02770081399	0.02770081399
610	Russian Federation	China	RUS	Europe	CHN	5869	0.000170386778	0.1152413676	0.002002600185	0.002002600185
611	Russian Federation	Estonia	RUS	Europe	EST	898	0.001113585746	0.1470551457	0.02089317663	0.02089317663
612	Russian Federation	Finland	RUS	Europe	FIN	939	0.001064962726	0.1460959763	0.01991934512	0.01991934512
613	Russian Federation	Georgia	RUS	Europe	GEO	1751	0.0005711022273	0.1339056939	0.01002820887	0.01002820887
614	Russian Federation	Kazakhstan	RUS	Europe	KAZ	3119	0.0003206155819	0.1242966717	0.005011412536	0.005011412536
615	Russian Federation	Korea (Democratic People's Republic of)	RUS	Europe	PRK	6443	0.0001552072016	0.1140153409	0.001698580612	0.001698580612
616	Russian Federation	Latvia	RUS	Europe	LVA	854	0.001170960187	0.1481496583	0.02204228334	0.02204228334
617	Russian Federation	Lithuania	RUS	Europe	LTU	791	0.001264222503	0.149850944	0.02391015955	0.02391015955
618	Russian Federation	Mongolia	RUS	Europe	MNG	4714	0.0002121340687	0.1182271776	0.002838723224	0.002838723224
619	Russian Federation	Norway	RUS	Europe	NOR	1677	0.0005963029219	0.1346844562	0.01053293339	0.01053293339
620	Russian Federation	Poland	RUS	Europe	POL	1138	0.0008787346221	0.1421054534	0.01618953163	0.01618953163
621	Russian Federation	Ukraine	RUS	Europe	UKR	739	0.001353179973	0.1513936255	0.02569181743	0.02569181743
622	Rwanda	Burundi	RWA	Africa	BDI	234	0.004273504274	0.1833072662	0.08418065309	0.08418065309
623	Rwanda	Congo, Democratic Republic of the	RWA	Africa	COD	2788	0.0003586800574	0.1260544491	0.005773775418	0.005773775418
624	Rwanda	Tanzania, United Republic of	RWA	Africa	TZA	1157	0.0008643042351	0.1417718645	0.01590051697	0.01590051697
625	Rwanda	Tanzania, United Republic of	RWA	Africa	TZA	1157	0.0008643042351	0.1417718645	0.01590051697	0.01590051697
626	Rwanda	Uganda	RWA	Africa	UGA	288	0.003472222222	0.1765860813	0.06813241687	0.06813241687
627	Saint Lucia	Barbados	LCA	Americas	BRB	190	0.005263157895	0.1905842219	0.1040016326	0.1040016326
628	Saint Lucia	Martinique	LCA	Americas	MTQ	66	0.01515151515	0.2386831521	0.3020476175	0.3020476175
629	Saint Lucia	Saint Vincent and the Grenadines	LCA	Americas	VCT	71	0.01408450704	0.2345942057	0.280677367	0.280677367
630	Saint Pierre and Miquelon	Canada	SPM	Americas	CAN	1508	0.0006631299735	0.1366392835	0.01187135886	0.01187135886
631	Saint Vincent and the Grenadines	Barbados	VCT	Americas	BRB	181	0.005524861878	0.1923632915	0.109243092	0.109243092
632	Saint Vincent and the Grenadines	Grenada	VCT	Americas	GRD	136	0.007352941176	0.2035559231	0.1458562276	0.1458562276
633	Sao Tome and Principe	Gabon	STP	Africa	GAB	298	0.003355704698	0.1755281008	0.06579878073	0.06579878073
634	Saudi Arabia	Iraq	SAU	Asia	IRQ	1026	0.0009746588694	0.1442289034	0.01811072152	0.01811072152
635	Saudi Arabia	Jordan	SAU	Asia	JOR	1323	0.0007558578987	0.1391273926	0.01372853218	0.01372853218
636	Saudi Arabia	Kuwait	SAU	Asia	KWT	562	0.001779359431	0.1579404103	0.03422742434	0.03422742434
637	Saudi Arabia	Oman	SAU	Asia	OMN	1194	0.000837520938	0.1411419796	0.01536409577	0.01536409577
638	Saudi Arabia	Qatar	SAU	Asia	QAT	474	0.002109704641	0.1623058514	0.04084364389	0.04084364389
639	Saudi Arabia	United Arab Emirates	SAU	Asia	ARE	778	0.001285347044	0.1502239872	0.02433324604	0.02433324604
640	Saudi Arabia	Yemen	SAU	Asia	YEM	1040	0.0009615384615	0.143947525	0.01784794339	0.01784794339
641	Senegal	Gambia	SEN	Africa	GMB	144	0.006944444444	0.2012148022	0.1376747738	0.1376747738
642	Senegal	Guinea	SEN	Africa	GIN	696	0.001436781609	0.1527802259	0.02736620763	0.02736620763
643	Senegal	Guinea-Bissau	SEN	Africa	GNB	387	0.002583979328	0.1678295945	0.05034251161	0.05034251161
644	Senegal	Mali	SEN	Africa	MLI	1052	0.0009505703422	0.1437101985	0.01762827171	0.01762827171
645	Senegal	Mauritania	SEN	Africa	MRT	467	0.002141327623	0.1626987358	0.04147699526	0.04147699526
646	Serbia	Bosnia and Herzegovina	SRB	Europe	BIH	196	0.005102040816	0.1894615908	0.1007747477	0.1007747477
647	Serbia	Bulgaria	SRB	Europe	BGR	321	0.003115264798	0.1732669499	0.06098320261	0.06098320261
648	Serbia	Croatia	SRB	Europe	HRV	373	0.002680965147	0.1688738929	0.05228496288	0.05228496288
649	Serbia	Hungary	SRB	Europe	HUN	346	0.00289017341	0.1710442952	0.05647502756	0.05647502756
650	Serbia	Montenegro	SRB	Europe	MNE	209	0.004784688995	0.1871840946	0.09441876232	0.09441876232
651	Serbia	North Macedonia	SRB	Europe	MKD	245	0.004081632653	0.1817765976	0.08033781013	0.08033781013
652	Serbia	Romania	SRB	Europe	ROU	452	0.002212389381	0.1635675474	0.04290023426	0.04290023426
653	Seychelles	Madagascar	SYC	Africa	MDG	1734	0.0005767012687	0.1340808581	0.01014034758	0.01014034758
654	Seychelles	Somalia	SYC	Africa	SOM	1362	0.0007342143906	0.1385673071	0.0132950517	0.0132950517
655	Sierra Leone	Guinea	SLE	Africa	GIN	117	0.008547008547	0.2099881301	0.1697712463	0.1697712463
656	Sierra Leone	Liberia	SLE	Africa	LBR	355	0.002816901408	0.1702963115	0.05500752134	0.05500752134
657	Singapore	Indonesia	SGP	Asia	IDN	853	0.001172332943	0.1481753784	0.02206977716	0.02206977716
658	Slovakia	Austria	SVK	Europe	AUT	62	0.01612903226	0.2422988705	0.3216255245	0.3216255245
659	Slovakia	Czechia	SVK	Europe	CZE	295	0.003389830508	0.1758403962	0.06648225925	0.06648225925
660	Slovakia	Hungary	SVK	Europe	HUN	185	0.005405405405	0.1915578235	0.106850594	0.106850594
661	Slovakia	Poland	SVK	Europe	POL	530	0.001886792453	0.1594164845	0.03637911427	0.03637911427
662	Slovakia	Ukraine	SVK	Europe	UKR	996	0.001004016064	0.1448488716	0.01869869326	0.01869869326
663	Slovenia	Austria	SVN	Europe	AUT	264	0.003787878788	0.1793416657	0.07445444932	0.07445444932
664	Slovenia	Croatia	SVN	Europe	HRV	155	0.006451612903	0.1982779514	0.1278042457	0.1278042457
665	Slovenia	Hungary	SVN	Europe	HUN	375	0.002666666667	0.1687215254	0.05199859006	0.05199859006
666	Slovenia	Italy	SVN	Europe	ITA	566	0.001766784452	0.1577636914	0.03397557017	0.03397557017
667	Somalia	Djibouti	SOM	Africa	DJI	1085	0.0009216589862	0.1430751226	0.01704922932	0.01704922932
668	Somalia	Ethiopia	SOM	Africa	ETH	1070	0.0009345794393	0.143360668	0.01730800273	0.01730800273
669	Somalia	Ethiopia	SOM	Africa	ETH	1070	0.0009345794393	0.143360668	0.01730800273	0.01730800273
670	Somalia	Kenya	SOM	Africa	KEN	1003	0.0009970089731	0.1447020781	0.01855835384	0.01855835384
671	Solomon Islands	Nauru	SLB	Oceania	NRU	1254	0.0007974481659	0.1401719741	0.01456151032	0.01456151032
672	South Africa	Botswana	ZAF	Africa	BWA	1260	0.0007936507937	0.1400782505	0.0144854558	0.0144854558
673	South Africa	Lesotho	ZAF	Africa	LSO	999	0.001001001001	0.1447857977	0.01863830697	0.01863830697
674	South Africa	Mozambique	ZAF	Africa	MOZ	1622	0.0006165228113	0.1352920879	0.01093790135	0.01093790135
675	South Africa	Namibia	ZAF	Africa	NAM	1270	0.0007874015748	0.1399233073	0.0143602952	0.0143602952
676	South Africa	Swaziland	ZAF	Africa	SWZ	1485	0.0006734006734	0.1369268404	0.01207706248	0.01207706248
677	South Africa	Zimbabwe	ZAF	Africa	ZWE	2186	0.0004574565416	0.130041909	0.007752090481	0.007752090481
678	South Sudan	Central African Republic	SSD	Africa	CAF	1444	0.0006925207756	0.1374537889	0.01246000369	0.01246000369
679	South Sudan	Congo, Democratic Republic of the	SSD	Africa	COD	2705	0.0003696857671	0.126536514	0.00599419996	0.00599419996
680	South Sudan	Eritrea	SSD	Africa	ERI	1415	0.0007067137809	0.1378381637	0.01274426402	0.01274426402
681	South Sudan	Ethiopia	SSD	Africa	ETH	915	0.001092896175	0.1466507018	0.02047880178	0.02047880178
682	South Sudan	Kenya	SSD	Africa	KEN	894	0.001118568233	0.1471517504	0.02099296686	0.02099296686
683	South Sudan	Sudan	SSD	Africa	SDN	1200	0.0008333333333	0.1410421951	0.01528022559	0.01528022559
684	South Sudan	Uganda	SSD	Africa	UGA	514	0.001945525292	0.1601993324	0.03755542724	0.03755542724
685	Spain	France	ESP	Europe	FRA	1012	0.0009881422925	0.1445152729	0.0183807702	0.0183807702
686	Spain	Gibraltar	ESP	Europe	GIB	496	0.002016129032	0.1611194339	0.03896949299	0.03896949299
687	Spain	Morocco	ESP	Europe	MAR	822	0.001216545012	0.1489926519	0.02295526528	0.02295526528
688	Spain	Portugal	ESP	Europe	PRT	523	0.001912045889	0.15975509	0.03688489511	0.03688489511
689	Sri Lanka	India	LKA	Asia	IND	2455	0.0004073319756	0.1281085206	0.006748185707	0.006748185707
690	Sri Lanka	India	LKA	Asia	IND	2455	0.0004073319756	0.1281085206	0.006748185707	0.006748185707
691	Sri Lanka	Indonesia	LKA	Asia	IDN	3284	0.0003045066991	0.123505316	0.004688780629	0.004688780629
692	Sudan	Central African Republic	SDN	Africa	CAF	1961	0.0005099439062	0.1319050683	0.008803317853	0.008803317853
693	Sudan	Central African Republic	SDN	Africa	CAF	1961	0.0005099439062	0.1319050683	0.008803317853	0.008803317853
694	Sudan	Chad	SDN	Africa	TCD	1938	0.000515995872	0.1321106616	0.008924527828	0.008924527828
695	Sudan	Chad	SDN	Africa	TCD	1938	0.000515995872	0.1321106616	0.008924527828	0.008924527828
696	Sudan	Egypt	SDN	Africa	EGY	1667	0.000599880024	0.1347930362	0.0106045763	0.0106045763
697	Sudan	Egypt	SDN	Africa	EGY	1667	0.000599880024	0.1347930362	0.0106045763	0.0106045763
698	Sudan	Eritrea	SDN	Africa	ERI	671	0.001490312966	0.1536388799	0.02843834428	0.02843834428
699	Sudan	Eritrea	SDN	Africa	ERI	671	0.001490312966	0.1536388799	0.02843834428	0.02843834428
700	Sudan	Ethiopia	SDN	Africa	ETH	936	0.001068376068	0.1461643092	0.01998770821	0.01998770821
701	Sudan	Ethiopia	SDN	Africa	ETH	936	0.001068376068	0.1461643092	0.01998770821	0.01998770821
702	Sudan	Ethiopia	SDN	Africa	ETH	936	0.001068376068	0.1461643092	0.01998770821	0.01998770821
703	Sudan	Ethiopia	SDN	Africa	ETH	936	0.001068376068	0.1461643092	0.01998770821	0.01998770821
704	Sudan	Libya	SDN	Africa	LBY	2715	0.0003683241252	0.1264774586	0.005966928726	0.005966928726
705	Sudan	Libya	SDN	Africa	LBY	2715	0.0003683241252	0.1264774586	0.005966928726	0.005966928726
706	Sudan	South Sudan	SDN	Africa	SSD	1200	0.0008333333333	0.1410421951	0.01528022559	0.01528022559
707	Suriname	Brazil	SUR	Americas	BRA	2467	0.0004053506283	0.1280285454	0.00670850289	0.00670850289
708	Suriname	French Guiana	SUR	Americas	GUF	330	0.00303030303	0.1724407695	0.05928157144	0.05928157144
709	Suriname	Guyana	SUR	Americas	GUY	341	0.00293255132	0.1714712194	0.05732378075	0.05732378075
710	Swaziland	Mozambique	SWZ	Africa	MOZ	133	0.007518796992	0.2044843781	0.1491780208	0.1491780208
711	Swaziland	South Africa	SWZ	Africa	ZAF	1485	0.0006734006734	0.1369268404	0.01207706248	0.01207706248
712	Sweden	Denmark	SWE	Europe	DNK	552	0.001811594203	0.1583895446	0.03487302877	0.03487302877
713	Sweden	Finland	SWE	Europe	FIN	400	0.0025	0.1669041003	0.04866055693	0.04866055693
714	Sweden	Norway	SWE	Europe	NOR	419	0.002386634845	0.1656212949	0.04639005706	0.04639005706
715	Switzerland	Austria	CHE	Europe	AUT	713	0.001402524544	0.1522190164	0.02668010032	0.02668010032
716	Switzerland	France	CHE	Europe	FRA	438	0.002283105023	0.164413681	0.0443165412	0.0443165412
717	Switzerland	Germany	CHE	Europe	DEU	799	0.001251564456	0.149625317	0.02365664165	0.02365664165
718	Switzerland	Germany	CHE	Europe	DEU	441	0.002267573696	0.1642293694	0.04400547671	0.04400547671
719	Switzerland	Italy	CHE	Europe	ITA	703	0.001422475107	0.1525469958	0.02707967415	0.02707967415
720	Taiwan	China	TWN	Asia	CHN	1645	0.0006079027356	0.1350348505	0.01076525676	0.01076525676
721	Taiwan	Philippines	TWN	Asia	PHL	1217	0.0008216926869	0.1407629106	0.01504708441	0.01504708441
722	Tajikistan	Afghanistan	TJK	Asia	AFG	444	0.002252252252	0.1640467159	0.04369861578	0.04369861578
723	Tajikistan	China	TJK	Asia	CHN	4080	0.0002450980392	0.1202811847	0.003498932178	0.003498932178
724	Tajikistan	Kyrgyzstan	TJK	Asia	KGZ	668	0.001497005988	0.1537447255	0.02857239346	0.02857239346
725	Tajikistan	Uzbekistan	TJK	Asia	UZB	334	0.002994011976	0.1720832451	0.05855472699	0.05855472699
726	Tanzania, United Republic of	Burundi	TZA	Africa	BDI	1158	0.0008635578584	0.1417545023	0.01588556839	0.01588556839
727	Tanzania, United Republic of	Burundi	TZA	Africa	BDI	1158	0.0008635578584	0.1417545023	0.01588556839	0.01588556839
728	Tanzania, United Republic of	Congo, Democratic Republic of the	TZA	Africa	COD	3564	0.0002805836139	0.1222697353	0.004209644322	0.004209644322
729	Tanzania, United Republic of	Kenya	TZA	Africa	KEN	626	0.001597444089	0.1552951684	0.03058398772	0.03058398772
730	Tanzania, United Republic of	Kenya	TZA	Africa	KEN	626	0.001597444089	0.1552951684	0.03058398772	0.03058398772
731	Tanzania, United Republic of	Malawi	TZA	Africa	MWI	996	0.001004016064	0.1448488716	0.01869869326	0.01869869326
732	Tanzania, United Republic of	Malawi	TZA	Africa	MWI	996	0.001004016064	0.1448488716	0.01869869326	0.01869869326
733	Tanzania, United Republic of	Mozambique	TZA	Africa	MOZ	2338	0.0004277159966	0.128914968	0.007156440933	0.007156440933
734	Tanzania, United Republic of	Mozambique	TZA	Africa	MOZ	2338	0.0004277159966	0.128914968	0.007156440933	0.007156440933
735	Tanzania, United Republic of	Rwanda	TZA	Africa	RWA	1157	0.0008643042351	0.1417718645	0.01590051697	0.01590051697
736	Tanzania, United Republic of	Rwanda	TZA	Africa	RWA	1157	0.0008643042351	0.1417718645	0.01590051697	0.01590051697
737	Tanzania, United Republic of	Uganda	TZA	Africa	UGA	1018	0.0009823182711	0.1443919218	0.01826412554	0.01826412554
738	Tanzania, United Republic of	Uganda	TZA	Africa	UGA	1018	0.0009823182711	0.1443919218	0.01826412554	0.01826412554
739	Tanzania, United Republic of	Zambia	TZA	Africa	ZMB	1543	0.00064808814	0.1362122454	0.01157009803	0.01157009803
740	Tanzania, United Republic of	Zambia	TZA	Africa	ZMB	1543	0.00064808814	0.1362122454	0.01157009803	0.01157009803
741	Thailand	Cambodia	THA	Asia	KHM	521	0.001919385797	0.1598529342	0.03703190023	0.03703190023
742	Thailand	Lao People's Democratic Republic	THA	Asia	LAO	503	0.001988071571	0.1607564512	0.03840755257	0.03840755257
743	Thailand	Malaysia	THA	Asia	MYS	1126	0.0008880994671	0.1423198487	0.01637709261	0.01637709261
744	Thailand	Myanmar	THA	Asia	MMR	573	0.001745200698	0.1574583522	0.03354328645	0.03354328645
745	Togo	Benin	TGO	Africa	BEN	166	0.006024096386	0.1956186207	0.1192418599	0.1192418599
746	Togo	Burkina Faso	TGO	Africa	BFA	730	0.001369863014	0.1516749955	0.02602594869	0.02602594869
747	Togo	Ghana	TGO	Africa	GHA	154	0.006493506494	0.1985327397	0.1286432989	0.1286432989
748	Tonga	American Samoa	TON	Oceania	ASM	1101	0.0009082652134	0.142776084	0.01678097618	0.01678097618
749	Tonga	Fiji	TON	Oceania	FJI	743	0.00134589502	0.1512700014	0.02554591295	0.02554591295
750	Trinidad and Tobago	Grenada	TTO	Americas	GRD	165	0.006060606061	0.1958501134	0.119973083	0.119973083
751	Trinidad and Tobago	Venezuela (Bolivarian Republic of)	TTO	Americas	VEN	623	0.001605136437	0.1554111074	0.03073805158	0.03073805158
752	Tunisia	Algeria	TUN	Africa	DZA	643	0.001555209953	0.1546516576	0.02973811405	0.02973811405
753	Tunisia	Libya	TUN	Africa	LBY	535	0.001869158879	0.1591782139	0.03602594553	0.03602594553
754	Turkey	Armenia	TUR	Asia	ARM	1004	0.0009960159363	0.1446812154	0.0185384651	0.0185384651
755	Turkey	Azerbaijan	TUR	Asia	AZE	1458	0.0006858710562	0.1372717342	0.01232682179	0.01232682179
756	Turkey	Bulgaria	TUR	Asia	BGR	866	0.001154734411	0.1478440295	0.02171731027	0.02171731027
757	Turkey	Georgia	TUR	Asia	GEO	1033	0.000968054211	0.1440876001	0.01797844211	0.01797844211
758	Turkey	Greece	TUR	Asia	GRC	806	0.001240694789	0.1494302879	0.02343894181	0.02343894181
759	Turkey	Iran (Islamic Republic of)	TUR	Asia	IRN	1710	0.0005847953216	0.1343318912	0.01030245688	0.01030245688
760	Turkey	Iraq	TUR	Asia	IRQ	1233	0.0008110300081	0.1405045842	0.01483353016	0.01483353016
761	Turkmenistan	Afghanistan	TKM	Asia	AFG	1035	0.0009661835749	0.1440474542	0.01794097664	0.01794097664
762	Turkmenistan	Iran (Islamic Republic of)	TKM	Asia	IRN	653	0.001531393568	0.1542834375	0.02926111475	0.02926111475
763	Turkmenistan	Kazakhstan	TKM	Asia	KAZ	1727	0.0005790387956	0.1341536187	0.01018716403	0.01018716403
764	Turkmenistan	Uzbekistan	TKM	Asia	UZB	1044	0.0009578544061	0.143868026	0.01777415839	0.01777415839
765	Turks and Caicos Islands	Bahamas	TCA	Americas	BHS	750	0.001333333333	0.1510557314	0.02529432499	0.02529432499
766	Tuvalu	Wallis and Futuna	TUV	Oceania	WLF	731	0.001367989056	0.1516435095	0.0259884167	0.0259884167
767	Uganda	Congo, Democratic Republic of the	UGA	Africa	COD	2946	0.000339443313	0.125184591	0.005388498076	0.005388498076
768	Uganda	Kenya	UGA	Africa	KEN	496	0.002016129032	0.1611194339	0.03896949299	0.03896949299
769	Uganda	Rwanda	UGA	Africa	RWA	288	0.003472222222	0.1765860813	0.06813241687	0.06813241687
770	Uganda	South Sudan	UGA	Africa	SSD	514	0.001945525292	0.1601993324	0.03755542724	0.03755542724
771	Uganda	Tanzania, United Republic of	UGA	Africa	TZA	1018	0.0009823182711	0.1443919218	0.01826412554	0.01826412554
772	Uganda	Tanzania, United Republic of	UGA	Africa	TZA	1018	0.0009823182711	0.1443919218	0.01826412554	0.01826412554
773	Ukraine	Belarus	UKR	Europe	BLR	390	0.002564102564	0.1676123709	0.04994441582	0.04994441582
774	Ukraine	Hungary	UKR	Europe	HUN	897	0.001114827202	0.1470792446	0.02091804075	0.02091804075
775	Ukraine	Moldova, Republic of	UKR	Europe	MDA	360	0.002777777778	0.1698916626	0.05422394548	0.05422394548
776	Ukraine	Moldova, Republic of	UKR	Europe	MDA	360	0.002777777778	0.1698916626	0.05422394548	0.05422394548
777	Ukraine	Poland	UKR	Europe	POL	688	0.001453488372	0.1530505538	0.02770081399	0.02770081399
778	Ukraine	Romania	UKR	Europe	ROU	744	0.001344086022	0.1512392308	0.02550968197	0.02550968197
779	Ukraine	Russian Federation	UKR	Europe	RUS	739	0.001353179973	0.1513936255	0.02569181743	0.02569181743
780	Ukraine	Slovakia	UKR	Europe	SVK	996	0.001004016064	0.1448488716	0.01869869326	0.01869869326
781	United Arab Emirates	Oman	ARE	Asia	OMN	422	0.002369668246	0.1654258265	0.04605024666	0.04605024666
782	United Arab Emirates	Saudi Arabia	ARE	Asia	SAU	778	0.001285347044	0.1502239872	0.02433324604	0.02433324604
783	United Kingdom of Great Britain and Northern Ireland	Ireland	GBR	Europe	IRL	496	0.002016129032	0.1611194339	0.03896949299	0.03896949299
784	United States of America	Canada	USA	Americas	CAN	731	0.001367989056	0.1516435095	0.0259884167	0.0259884167
785	United States of America	Canada	USA	Americas	CAN	731	0.001367989056	0.1516435095	0.0259884167	0.0259884167
786	United States of America	Mexico	USA	Americas	MEX	3024	0.0003306878307	0.1247764048	0.005213141537	0.005213141537
787	United States of America	Mexico	USA	Americas	MEX	3024	0.0003306878307	0.1247764048	0.005213141537	0.005213141537
788	Uruguay	Argentina	URY	Americas	ARG	215	0.004651162791	0.1861976165	0.09174447295	0.09174447295
789	Uruguay	Brazil	URY	Americas	BRA	2277	0.0004391743522	0.1293558301	0.007385931157	0.007385931157
790	Uzbekistan	Afghanistan	UZB	Asia	AFG	774	0.001291989664	0.1503404036	0.02446628576	0.02446628576
791	Uzbekistan	Kazakhstan	UZB	Asia	KAZ	683	0.001464128843	0.1532216023	0.02791392347	0.02791392347
792	Uzbekistan	Kyrgyzstan	UZB	Asia	KGZ	458	0.002183406114	0.1632154972	0.04231975163	0.04231975163
793	Uzbekistan	Tajikistan	UZB	Asia	TJK	334	0.002994011976	0.1720832451	0.05855472699	0.05855472699
794	Uzbekistan	Turkmenistan	UZB	Asia	TKM	1044	0.0009578544061	0.143868026	0.01777415839	0.01777415839
795	Vanuatu	Fiji	VUT	Oceania	FJI	1242	0.0008051529791	0.1403611553	0.01471582385	0.01471582385
796	Vanuatu	Papua New Guinea	VUT	Oceania	PNG	2267	0.0004411116012	0.1294295207	0.007424730766	0.007424730766
797	Venezuela (Bolivarian Republic of)	Brazil	VEN	Americas	BRA	3512	0.000284738041	0.1224898619	0.004292850014	0.004292850014
798	Venezuela (Bolivarian Republic of)	Colombia	VEN	Americas	COL	991	0.001009081736	0.1449545412	0.01880014953	0.01880014953
799	Venezuela (Bolivarian Republic of)	Grenada	VEN	Americas	GRD	625	0.0016	0.1553337336	0.030635178	0.030635178
800	Venezuela (Bolivarian Republic of)	Guyana	VEN	Americas	GUY	1042	0.0009596928983	0.1439077264	0.01781098008	0.01781098008
801	Viet Nam	Cambodia	VNM	Asia	KHM	205	0.00487804878	0.1878636343	0.09628859066	0.09628859066
802	Viet Nam	China	VNM	Asia	CHN	3290	0.0003039513678	0.1234774788	0.004677658342	0.004677658342
803	Viet Nam	Lao People's Democratic Republic	VNM	Asia	LAO	826	0.001210653753	0.1488849683	0.02283727397	0.02283727397
804	Virgin Islands (British)	Anguilla	VGB	Americas	AIA	167	0.005988023952	0.19538906	0.1185193941	0.1185193941
805	Virgin Islands (British)	Puerto Rico	VGB	Americas	PRI	156	0.00641025641	0.1980254484	0.1269759497	0.1269759497
806	Wallis and Futuna	Samoa	WLF	Oceania	WSM	480	0.002083333333	0.1619751613	0.04031547409	0.04031547409
807	Western Sahara	Algeria	ESH	Africa	DZA	1865	0.0005361930295	0.1327842028	0.009329040513	0.009329040513
808	Western Sahara	Mauritania	ESH	Africa	MRT	976	0.001024590164	0.1452757224	0.01911075542	0.01911075542
809	Western Sahara	Morocco	ESH	Africa	MAR	1865	0.0005361930295	0.1327842028	0.009329040513	0.009329040513
810	Yemen	Oman	YEM	Asia	OMN	1747	0.0005724098454	0.1339467144	0.0100543981	0.0100543981
811	Yemen	Saudi Arabia	YEM	Asia	SAU	1040	0.0009615384615	0.143947525	0.01784794339	0.01784794339
812	Zambia	Angola	ZMB	Africa	AGO	1842	0.000542888165	0.133003357	0.009463132019	0.009463132019
813	Zambia	Botswana	ZMB	Africa	BWA	1035	0.0009661835749	0.1440474542	0.01794097664	0.01794097664
814	Zambia	Congo, Democratic Republic of the	ZMB	Africa	COD	1880	0.0005319148936	0.1326431107	0.009243357157	0.009243357157
815	Zambia	Malawi	ZMB	Africa	MWI	594	0.001683501684	0.1565709872	0.03230756632	0.03230756632
816	Zambia	Mozambique	ZMB	Africa	MOZ	1293	0.0007733952049	0.1395727882	0.01407977284	0.01407977284
817	Zambia	Namibia	ZMB	Africa	NAM	1425	0.000701754386	0.1377044946	0.01264493627	0.01264493627
818	Zambia	Tanzania, United Republic of	ZMB	Africa	TZA	1543	0.00064808814	0.1362122454	0.01157009803	0.01157009803
819	Zambia	Tanzania, United Republic of	ZMB	Africa	TZA	1543	0.00064808814	0.1362122454	0.01157009803	0.01157009803
820	Zambia	Zimbabwe	ZMB	Africa	ZWE	347	0.00288184438	0.1709599035	0.05630821209	0.05630821209
821	Zimbabwe	Botswana	ZWE	Africa	BWA	932	0.001072961373	0.1462558613	0.02007954362	0.02007954362
822	Zimbabwe	Mozambique	ZWE	Africa	MOZ	1012	0.0009881422925	0.1445152729	0.0183807702	0.0183807702
823	Zimbabwe	South Africa	ZWE	Africa	ZAF	2186	0.0004574565416	0.130041909	0.007752090481	0.007752090481
824	Zimbabwe	Zambia	ZWE	Africa	ZMB	347	0.00288184438	0.1709599035	0.05630821209	0.05630821209